-- ============================================================================
--  CDE System — SEED DATA MỚI (PostgreSQL / Npgsql, EF Core schema)
-- ----------------------------------------------------------------------------
--  Mục đích : dữ liệu test phủ TOÀN BỘ bảng, ĐẶC BIỆT DÀY cho nhóm bảng
--             PHÂN QUYỀN (FolderPermissions, FilePermissions) và nhóm bảng
--             NAMING CONVENTION (NamingConventions, Fields, FieldValues,
--             LockedValues, FileNamingMetadata).
--  Sinh theo : Infrastructure/Migrations/20260711144613_InitialCreate.cs
--              + Domain/Enum/* (mọi enum lưu DƯỚI DẠNG SỐ — integer).
--
--  CÁCH CHẠY :
--    psql -h localhost -U <user> -d CapstoneProjectDb -f seed_data_new.sql
--    (hoặc dán toàn bộ vào pgAdmin / DBeaver Query Tool rồi Execute)
--
--  ĐẶC ĐIỂM :
--    • Idempotent: TRUNCATE các bảng seed (TRỪ OrganizationTypes — migration
--      đã seed 8 dòng) rồi INSERT lại với UUID CỐ ĐỊNH.
--    • Bọc trong 1 transaction (BEGIN/COMMIT) — lỗi giữa chừng rollback hết.
--    • ⚠️ CẢNH BÁO: XÓA toàn bộ dữ liệu cũ trong các bảng ở lệnh TRUNCATE.
--      KHÔNG chạy trên DB có dữ liệu thật cần giữ.
--
--  TÀI KHOẢN : mật khẩu CHUNG = "password"
--      admin@cde.vn (Admin) · hoa.pm@cde.vn (PM) · nam.design / lan.design
--      binh.contractor · cuong.super · duong.client · em.verify
--      phong.viewer@cde.vn = INACTIVE (test trạng thái khoá)
--
--  Quy ước UUID (segment đầu = "mã bảng" cho dễ lần theo quan hệ):
--    a0*=Accounts  b0*=Organizations  c0*=Groups  c1*=GroupMembers
--    d0*=Projects d1*=Locations d3*=Participants d4*=Invitations
--    e0*=ContractPackages e1*=PackageAssignments
--    f0*=Folders f1*=FolderPermissions f2*=FileItems f3*=FileVersions
--    f4*=FilePermissions f5*=FileNotes f6*=MarkupSets f9*=FileSignaturePositions
--    ff*=FileLinks
--    fa*=NamingConventions fb*=NamingConventionFields fc*=NamingConventionFieldValues
--    fd*=NamingConventionLockedValues fe*=FileNamingMetadata
--    aa*=ApprovalRequests ab*=ApprovalSignatureTransactions ac*=ZoneReturnRequests
--    ad*=ApprovalRequestSigners
--    20*=Discussions 21*=Messages 22*=Mentions 23*=MsgAttachments 24*=DiscCitedFolders
--    30*=Issues 31*=IssueComments 32*=IssueMentions 33*=IssueAttachments 34*=IssueCitedFolders
--    40*=Contracts 41*=ContractAppendices 42*=BillItems
--    60*=Notifications d5*=Documents 71*=DocumentParentChunks 70*=DocumentChunks
--    80*=RefreshTokens 90*=AuditLogs
-- ============================================================================

BEGIN;

-- --- Dọn dữ liệu cũ (KHÔNG đụng "OrganizationTypes" do migration seed) -------
TRUNCATE TABLE
    "ApprovalSignatureTransactions", "ApprovalRequestSigners", "ApprovalRequests",
    "ZoneReturnRequests", "Notifications",
    "BillItems", "ContractAppendices", "Contracts",
    "IssueCitedFolders", "IssueAttachments", "IssueMentions", "IssueComments", "Issues",
    "DiscussionCitedFolders", "MessageAttachments", "MessageMentions", "DiscussionMessages", "Discussions",
    "FileNotes", "MarkupSets", "FileSignaturePositions",
    "FileNamingMetadata", "NamingConventionLockedValues", "NamingConventionFieldValues",
    "NamingConventionFields", "NamingConventions",
    "FileLinks", "FilePermissions", "FileVersions", "FileItems", "FolderPermissions", "Folders",
    "PackageAssignments", "ContractPackages",
    "ProjectInvitations", "ProjectParticipants", "ProjectLocations", "Projects",
    "GroupMembers", "Groups", "Organizations",
    "RefreshTokens", "AuditLogs",
    "DocumentChunks", "DocumentParentChunks", "Documents",
    "Accounts"
    RESTART IDENTITY CASCADE;

-- ============================================================================
-- 1) ACCOUNTS  Role: Admin=0, User=1 | Status: Active=0, Inactive=1, Suspended=2
--    IsEmailVerified NOT NULL — a9 phong.viewer: CHƯA xác thực, còn OTP chờ nhập
--    (test luồng verify-otp / resend-otp).
-- ============================================================================
INSERT INTO "Accounts" ("Id","UserName","Email","PasswordHash","Role","Status","ResetPasswordToken","ResetPasswordTokenExpiresAt","IsEmailVerified","EmailOtp","EmailOtpExpiresAt","CreatedAt","UpdatedAt") VALUES
('a0000000-0000-0000-0000-000000000001','Nguyễn Văn Admin','admin@cde.vn','$2a$11$7EPcFyGnHfBCSULBHTvop.rOh9nMvhLacXUe2lmAw5RTP36Ek11ke',0,0,NULL,NULL,true,NULL,NULL,'2026-01-02 08:00:00+07','2026-01-02 08:00:00+07'),
('a0000000-0000-0000-0000-000000000002','Trần Thị Hoa','hoa.pm@cde.vn','$2a$11$7EPcFyGnHfBCSULBHTvop.rOh9nMvhLacXUe2lmAw5RTP36Ek11ke',1,0,NULL,NULL,true,NULL,NULL,'2026-01-03 08:00:00+07','2026-01-03 08:00:00+07'),
('a0000000-0000-0000-0000-000000000003','Lê Hoàng Nam','nam.design@cde.vn','$2a$11$7EPcFyGnHfBCSULBHTvop.rOh9nMvhLacXUe2lmAw5RTP36Ek11ke',1,0,NULL,NULL,true,NULL,NULL,'2026-01-04 08:00:00+07','2026-01-04 08:00:00+07'),
('a0000000-0000-0000-0000-000000000004','Phạm Thị Lan','lan.design@cde.vn','$2a$11$7EPcFyGnHfBCSULBHTvop.rOh9nMvhLacXUe2lmAw5RTP36Ek11ke',1,0,'reset-token-lan-demo-0001','2026-07-20 09:00:00+07',true,NULL,NULL,'2026-01-04 09:00:00+07','2026-01-04 09:00:00+07'),
('a0000000-0000-0000-0000-000000000005','Vũ Văn Bình','binh.contractor@cde.vn','$2a$11$7EPcFyGnHfBCSULBHTvop.rOh9nMvhLacXUe2lmAw5RTP36Ek11ke',1,0,NULL,NULL,true,NULL,NULL,'2026-01-05 08:00:00+07','2026-01-05 08:00:00+07'),
('a0000000-0000-0000-0000-000000000006','Đỗ Mạnh Cường','cuong.super@cde.vn','$2a$11$7EPcFyGnHfBCSULBHTvop.rOh9nMvhLacXUe2lmAw5RTP36Ek11ke',1,0,NULL,NULL,true,NULL,NULL,'2026-01-06 08:00:00+07','2026-01-06 08:00:00+07'),
('a0000000-0000-0000-0000-000000000007','Ngô Thị Dương','duong.client@cde.vn','$2a$11$7EPcFyGnHfBCSULBHTvop.rOh9nMvhLacXUe2lmAw5RTP36Ek11ke',1,0,NULL,NULL,true,NULL,NULL,'2026-01-06 09:00:00+07','2026-01-06 09:00:00+07'),
('a0000000-0000-0000-0000-000000000008','Bùi Văn Em','em.verify@cde.vn','$2a$11$7EPcFyGnHfBCSULBHTvop.rOh9nMvhLacXUe2lmAw5RTP36Ek11ke',1,0,NULL,NULL,true,NULL,NULL,'2026-01-07 08:00:00+07','2026-01-07 08:00:00+07'),
('a0000000-0000-0000-0000-000000000009','Đặng Quốc Phong','phong.viewer@cde.vn','$2a$11$7EPcFyGnHfBCSULBHTvop.rOh9nMvhLacXUe2lmAw5RTP36Ek11ke',1,1,NULL,NULL,false,'482913','2026-07-12 09:00:00+07','2026-01-08 08:00:00+07','2026-01-08 08:00:00+07');

-- ============================================================================
-- 2) ORGANIZATIONS  (OrganizationTypeId trỏ tới 8 dòng migration seed sẵn)
-- ============================================================================
INSERT INTO "Organizations" ("Id","LegalName","DisplayName","TaxCode","Address","Email","Phone","OrganizationTypeId","CreatedAt","UpdatedAt") VALUES
('b0000000-0000-0000-0000-000000000001','Công ty CP Tập đoàn Đầu tư ABC','Tập đoàn ABC','0301234567','123 Nguyễn Hữu Cảnh, Bình Thạnh, TP.HCM','contact@abc.vn','02838001122','7f947ce1-e7c6-49b2-aa41-f9b30292917a','2026-01-02 08:00:00+07',NULL),
('b0000000-0000-0000-0000-000000000002','Ban QLDA Đầu tư Xây dựng số 1','Ban QLDA số 1','0302345678','45 Lê Duẩn, Quận 1, TP.HCM','pmu1@abc.vn','02838003344','ad5b98c7-b28f-4c40-861a-5a363b84eb00','2026-01-02 08:00:00+07',NULL),
('b0000000-0000-0000-0000-000000000003','Công ty TNHH Tư vấn Thiết kế BIM Việt','TV BIM Việt','0303456789','78 Cách Mạng Tháng 8, Quận 3, TP.HCM','info@bimviet.vn','02838005566','d692eaa8-4cf1-4a12-8bf8-4d0e1529acb5','2026-01-03 08:00:00+07',NULL),
('b0000000-0000-0000-0000-000000000004','Tổng Công ty Xây dựng Trường Sơn','XD Trường Sơn','0304567890','12 Trường Chinh, Tân Bình, TP.HCM','contact@truongson.vn','02838007788','ae2fd257-cca8-4bb4-8f90-c0c45100702b','2026-01-03 08:00:00+07',NULL),
('b0000000-0000-0000-0000-000000000005','Công ty CP Tư vấn Giám sát Thăng Long','TVGS Thăng Long','0305678901','9 Phạm Văn Đồng, Thủ Đức, TP.HCM','tvgs@thanglong.vn','02838009900','ad4c917e-b170-4ff8-bca3-10764641c8d9','2026-01-04 08:00:00+07',NULL),
('b0000000-0000-0000-0000-000000000006','Công ty TNHH Vật liệu Xây dựng Hòa Phát Nam','VLXD Hòa Phát Nam','0306789012','KCN Tân Tạo, Bình Tân, TP.HCM','sales@hpnam.vn','02838001199','3fe93ed9-2e6a-47a6-90cf-6e5aac24c645','2026-01-04 08:00:00+07',NULL);

-- ============================================================================
-- 3) GROUPS  (OrganizationId nullable)
-- ============================================================================
INSERT INTO "Groups" ("Id","Name","Description","OrganizationId","CreatedAt") VALUES
('c0000000-0000-0000-0000-000000000001','Chủ đầu tư','Nhóm đại diện chủ đầu tư','b0000000-0000-0000-0000-000000000001','2026-01-05 08:00:00+07'),
('c0000000-0000-0000-0000-000000000002','Ban quản lý dự án','Ban QLDA điều phối chung','b0000000-0000-0000-0000-000000000002','2026-01-05 08:00:00+07'),
('c0000000-0000-0000-0000-000000000003','Tư vấn thiết kế / BIM','Nhóm thiết kế và dựng mô hình BIM','b0000000-0000-0000-0000-000000000003','2026-01-05 08:00:00+07'),
('c0000000-0000-0000-0000-000000000004','Nhà thầu thi công','Nhóm nhà thầu chính','b0000000-0000-0000-0000-000000000004','2026-01-05 08:00:00+07'),
('c0000000-0000-0000-0000-000000000005','Tư vấn giám sát','Nhóm giám sát & thẩm tra','b0000000-0000-0000-0000-000000000005','2026-01-05 08:00:00+07'),
('c0000000-0000-0000-0000-000000000006','Nhà cung cấp','Nhóm cung cấp vật tư','b0000000-0000-0000-0000-000000000006','2026-01-05 08:00:00+07');

-- ============================================================================
-- 4) GROUP MEMBERS  Role: Member=0, Leader=1 | Status: Active=0, Left=1
-- ============================================================================
INSERT INTO "GroupMembers" ("Id","GroupId","AccountId","Role","Status","JoinedAt") VALUES
('c1000000-0000-0000-0000-000000000001','c0000000-0000-0000-0000-000000000001','a0000000-0000-0000-0000-000000000007',1,0,'2026-01-10 08:00:00+07'),
('c1000000-0000-0000-0000-000000000002','c0000000-0000-0000-0000-000000000002','a0000000-0000-0000-0000-000000000002',1,0,'2026-01-10 08:00:00+07'),
('c1000000-0000-0000-0000-000000000003','c0000000-0000-0000-0000-000000000002','a0000000-0000-0000-0000-000000000001',0,0,'2026-01-10 08:30:00+07'),
('c1000000-0000-0000-0000-000000000004','c0000000-0000-0000-0000-000000000003','a0000000-0000-0000-0000-000000000003',1,0,'2026-01-11 08:00:00+07'),
('c1000000-0000-0000-0000-000000000005','c0000000-0000-0000-0000-000000000003','a0000000-0000-0000-0000-000000000004',0,0,'2026-01-11 08:30:00+07'),
('c1000000-0000-0000-0000-000000000006','c0000000-0000-0000-0000-000000000004','a0000000-0000-0000-0000-000000000005',1,0,'2026-01-12 08:00:00+07'),
('c1000000-0000-0000-0000-000000000007','c0000000-0000-0000-0000-000000000005','a0000000-0000-0000-0000-000000000006',1,0,'2026-01-12 08:30:00+07'),
('c1000000-0000-0000-0000-000000000008','c0000000-0000-0000-0000-000000000005','a0000000-0000-0000-0000-000000000008',0,0,'2026-01-12 09:00:00+07'),
('c1000000-0000-0000-0000-000000000009','c0000000-0000-0000-0000-000000000006','a0000000-0000-0000-0000-000000000009',0,1,'2026-01-13 08:00:00+07');

-- ============================================================================
-- 5) PROJECTS  Status: Planning=0,Active=1,OnHold=2,Completed=3,Closed=4
--              Phase : Concept=0,Design=1,Construction=2,Handover=3,Operation=4
-- ============================================================================
INSERT INTO "Projects" ("Id","ProjectName","ProjectDescription","Status","Phase","ManagerAccountId") VALUES
('d0000000-0000-0000-0000-000000000001','Khu phức hợp căn hộ Riverside Tower','Tổ hợp căn hộ cao cấp 3 tháp, 35 tầng ven sông Sài Gòn.',1,2,'a0000000-0000-0000-0000-000000000002'),
('d0000000-0000-0000-0000-000000000002','Cầu vượt nút giao Cát Lái','Cầu vượt thép giảm ùn tắc nút giao Cát Lái, TP. Thủ Đức.',0,1,'a0000000-0000-0000-0000-000000000002'),
('d0000000-0000-0000-0000-000000000003','Nhà máy xử lý nước thải Bình Hưng','Nhà máy xử lý nước thải công suất 469.000 m3/ngày đêm.',2,0,NULL),
('d0000000-0000-0000-0000-000000000004','Trung tâm thương mại Sài Gòn Center','TTTM kết hợp văn phòng cho thuê khu trung tâm Quận 1.',3,3,'a0000000-0000-0000-0000-000000000002');

-- ============================================================================
-- 6) PROJECT LOCATIONS
-- ============================================================================
INSERT INTO "ProjectLocations" ("Id","ProjectId","Address","Latitude","Longitude","IsDefault","CreatedAt") VALUES
('d1000000-0000-0000-0000-000000000001','d0000000-0000-0000-0000-000000000001','123 Nguyễn Hữu Cảnh, P.22, Bình Thạnh, TP.HCM',10.7980,106.7220,true,'2026-01-15 08:00:00+07'),
('d1000000-0000-0000-0000-000000000002','d0000000-0000-0000-0000-000000000002','Nút giao Cát Lái, P. Thạnh Mỹ Lợi, TP. Thủ Đức, TP.HCM',10.7769,106.7600,true,'2026-01-16 08:00:00+07'),
('d1000000-0000-0000-0000-000000000003','d0000000-0000-0000-0000-000000000003','Khu xử lý Bình Hưng, H. Bình Chánh, TP.HCM',10.6900,106.6300,true,'2026-01-17 08:00:00+07'),
('d1000000-0000-0000-0000-000000000004','d0000000-0000-0000-0000-000000000004','456 Lê Lợi, P. Bến Thành, Quận 1, TP.HCM',10.7720,106.6980,true,'2026-01-18 08:00:00+07');

-- ============================================================================
-- 7) PROJECT PARTICIPANTS  Role: ProjectAdmin=0, Member=1 | Status: Active=0, Inactive=1
-- ============================================================================
INSERT INTO "ProjectParticipants" ("Id","ProjectId","GroupId","Role","Status","JoinedAt") VALUES
('d3000000-0000-0000-0000-000000000001','d0000000-0000-0000-0000-000000000001','c0000000-0000-0000-0000-000000000001',0,0,'2026-01-20 08:00:00+07'),
('d3000000-0000-0000-0000-000000000002','d0000000-0000-0000-0000-000000000001','c0000000-0000-0000-0000-000000000002',1,0,'2026-01-20 08:10:00+07'),
('d3000000-0000-0000-0000-000000000003','d0000000-0000-0000-0000-000000000001','c0000000-0000-0000-0000-000000000003',1,0,'2026-01-20 08:20:00+07'),
('d3000000-0000-0000-0000-000000000004','d0000000-0000-0000-0000-000000000001','c0000000-0000-0000-0000-000000000004',1,0,'2026-01-20 08:30:00+07'),
('d3000000-0000-0000-0000-000000000005','d0000000-0000-0000-0000-000000000001','c0000000-0000-0000-0000-000000000005',1,0,'2026-01-20 08:40:00+07'),
('d3000000-0000-0000-0000-000000000006','d0000000-0000-0000-0000-000000000002','c0000000-0000-0000-0000-000000000001',0,0,'2026-01-21 08:00:00+07'),
('d3000000-0000-0000-0000-000000000007','d0000000-0000-0000-0000-000000000002','c0000000-0000-0000-0000-000000000003',1,0,'2026-01-21 08:10:00+07'),
('d3000000-0000-0000-0000-000000000008','d0000000-0000-0000-0000-000000000002','c0000000-0000-0000-0000-000000000006',1,1,'2026-01-21 08:20:00+07');

-- ============================================================================
-- 8) PROJECT INVITATIONS  Status: Pending=0,Accepted=1,Rejected=2,Expired=3
--                         Role(GroupMemberRole): Member=0, Leader=1
-- ============================================================================
INSERT INTO "ProjectInvitations" ("Id","ProjectId","InvitedAccountId","InvitedByAccountId","InvitedGroupId","Role","Status","Token","Note","CreatedAt","ExpiresAt","RespondedAt") VALUES
('d4000000-0000-0000-0000-000000000001','d0000000-0000-0000-0000-000000000001','a0000000-0000-0000-0000-000000000009','a0000000-0000-0000-0000-000000000002','c0000000-0000-0000-0000-000000000006',0,0,'inv-token-0001-pending','Mời tham gia nhóm Nhà cung cấp dự án Riverside Tower.','2026-07-01 09:00:00+07','2026-08-01 09:00:00+07',NULL),
('d4000000-0000-0000-0000-000000000002','d0000000-0000-0000-0000-000000000001','a0000000-0000-0000-0000-000000000008','a0000000-0000-0000-0000-000000000002','c0000000-0000-0000-0000-000000000005',0,1,'inv-token-0002-accepted','Mời tham gia nhóm Tư vấn giám sát.','2026-05-20 09:00:00+07','2026-06-20 09:00:00+07','2026-05-21 10:15:00+07'),
('d4000000-0000-0000-0000-000000000003','d0000000-0000-0000-0000-000000000002','a0000000-0000-0000-0000-000000000004','a0000000-0000-0000-0000-000000000002','c0000000-0000-0000-0000-000000000003',0,0,'inv-token-0003-pending','Mời tham gia thiết kế dự án Cầu Cát Lái.','2026-07-02 09:00:00+07','2026-08-02 09:00:00+07',NULL),
('d4000000-0000-0000-0000-000000000004','d0000000-0000-0000-0000-000000000002',NULL,'a0000000-0000-0000-0000-000000000002','c0000000-0000-0000-0000-000000000004',1,0,'inv-token-0004-leader','Mời làm Leader nhóm Nhà thầu thi công.','2026-07-03 09:00:00+07','2026-08-03 09:00:00+07',NULL),
('d4000000-0000-0000-0000-000000000005','d0000000-0000-0000-0000-000000000004','a0000000-0000-0000-0000-000000000005','a0000000-0000-0000-0000-000000000002','c0000000-0000-0000-0000-000000000004',0,3,'inv-token-0005-expired','Lời mời đã hết hạn.','2026-04-01 09:00:00+07','2026-05-01 09:00:00+07',NULL);

-- ============================================================================
-- 9) CONTRACT PACKAGES  Status: Draft=0,Active=1,Completed=2,Suspended=3
-- ============================================================================
INSERT INTO "ContractPackages" ("Id","ProjectId","Code","Name","Description","Status","IsDefault","ContractValue","StartDate","EndDate","CreatedAt") VALUES
('e0000000-0000-0000-0000-000000000001','d0000000-0000-0000-0000-000000000001','GT-00','Gói thầu mặc định','Gói mặc định chứa hồ sơ chung của dự án.',1,true,NULL,NULL,NULL,'2026-01-25 08:00:00+07'),
('e0000000-0000-0000-0000-000000000002','d0000000-0000-0000-0000-000000000001','GT-01','Gói thầu thi công phần thân','Thi công kết cấu phần thân 3 tháp.',1,false,185000000000,'2026-02-01 00:00:00+07','2027-06-30 00:00:00+07','2026-01-25 08:10:00+07'),
('e0000000-0000-0000-0000-000000000003','d0000000-0000-0000-0000-000000000001','GT-02','Gói thầu cơ điện (M&E)','Cung cấp & lắp đặt hệ thống cơ điện.',0,false,72000000000,NULL,NULL,'2026-01-25 08:20:00+07'),
('e0000000-0000-0000-0000-000000000004','d0000000-0000-0000-0000-000000000002','GT-00','Gói thầu mặc định','Gói mặc định dự án Cầu Cát Lái.',1,true,NULL,NULL,NULL,'2026-01-26 08:00:00+07');

-- ============================================================================
-- 10) PACKAGE ASSIGNMENTS  Role: MainContractor=0,Subcontractor=1,
--                          SupervisionConsultant=2,DesignConsultant=3,Supplier=4
-- ============================================================================
INSERT INTO "PackageAssignments" ("Id","ContractPackageId","OrganizationId","Role","ContractNumber","Position","VatCode","RepresentativeAccountId","CreatedAt") VALUES
('e1000000-0000-0000-0000-000000000001','e0000000-0000-0000-0000-000000000002','b0000000-0000-0000-0000-000000000004',0,'HD-2026-001','Nhà thầu chính','0304567890','a0000000-0000-0000-0000-000000000005','2026-02-01 08:00:00+07'),
('e1000000-0000-0000-0000-000000000002','e0000000-0000-0000-0000-000000000002','b0000000-0000-0000-0000-000000000005',2,'HD-2026-001-GS','Tư vấn giám sát','0305678901','a0000000-0000-0000-0000-000000000006','2026-02-01 08:10:00+07'),
('e1000000-0000-0000-0000-000000000003','e0000000-0000-0000-0000-000000000002','b0000000-0000-0000-0000-000000000003',3,'HD-2026-001-TK','Tư vấn thiết kế','0303456789','a0000000-0000-0000-0000-000000000003','2026-02-01 08:20:00+07'),
('e1000000-0000-0000-0000-000000000004','e0000000-0000-0000-0000-000000000003','b0000000-0000-0000-0000-000000000006',4,'HD-2026-002','Nhà cung cấp',NULL,NULL,'2026-02-02 08:00:00+07');

-- ============================================================================
-- ★★★ 11) NAMING CONVENTIONS — quy ước ĐẶT TÊN FILE mức DỰ ÁN ★★★
--     1 convention gán được cho NHIỀU folder (Folders.NamingConventionId FK SetNull).
--     fa..0001: ISO 19650 đầy đủ 7 trường (dự án Riverside, delimiter '-')
--     fa..0002: rút gọn 4 trường (dự án Cầu Cát Lái, delimiter '_')
--     fa..0003: quy ước CŨ đã tắt IsActive=false (test lọc active)
-- ============================================================================
INSERT INTO "NamingConventions" ("Id","ProjectId","Name","Delimiter","IsActive","CreatedById","CreatedAt","UpdatedAt") VALUES
('fa000000-0000-0000-0000-000000000001','d0000000-0000-0000-0000-000000000001','Quy ước ISO 19650 — Riverside Tower','-',true,'a0000000-0000-0000-0000-000000000003','2026-02-01 09:00:00+07','2026-02-15 09:00:00+07'),
('fa000000-0000-0000-0000-000000000002','d0000000-0000-0000-0000-000000000002','Quy ước rút gọn — Cầu Cát Lái','_',true,'a0000000-0000-0000-0000-000000000002','2026-02-03 09:00:00+07',NULL),
('fa000000-0000-0000-0000-000000000003','d0000000-0000-0000-0000-000000000001','Quy ước cũ 2025 (ngừng dùng)','-',false,'a0000000-0000-0000-0000-000000000002','2026-01-20 09:00:00+07','2026-02-01 09:00:00+07');

-- ============================================================================
-- ★★★ 12) NAMING CONVENTION FIELDS ★★★
--     FieldType: IsoStandard=0, Custom=1
--     IsRequired: bắt buộc nhập | IsLocked: giá trị bị khóa cứng (xem LockedValues)
--     OrderIndex quyết định thứ tự ghép tên:  PRJ-ORG-ZON-LVL-TYP-DIS-NUM
-- ============================================================================
INSERT INTO "NamingConventionFields" ("Id","NamingConventionId","Code","DisplayName","Description","OrderIndex","IsRequired","IsLocked","MinLength","MaxLength","FieldType","CreatedById","CreatedAt","UpdatedAt") VALUES
-- fa..0001 — ISO 19650 (7 trường)
('fb000000-0000-0000-0000-000000000001','fa000000-0000-0000-0000-000000000001','PRJ','Mã dự án','Mã dự án theo ISO 19650 — khóa cứng RIV.',0,true,true,2,4,0,'a0000000-0000-0000-0000-000000000003','2026-02-01 09:05:00+07',NULL),
('fb000000-0000-0000-0000-000000000002','fa000000-0000-0000-0000-000000000001','ORG','Đơn vị tạo','Mã đơn vị khởi tạo tài liệu (originator).',1,true,false,2,3,0,'a0000000-0000-0000-0000-000000000003','2026-02-01 09:06:00+07',NULL),
('fb000000-0000-0000-0000-000000000003','fa000000-0000-0000-0000-000000000001','ZON','Khu vực / Khối','Volume/zone — XX nếu không áp dụng.',2,false,false,2,2,0,'a0000000-0000-0000-0000-000000000003','2026-02-01 09:07:00+07',NULL),
('fb000000-0000-0000-0000-000000000004','fa000000-0000-0000-0000-000000000001','LVL','Cao độ / Tầng','Level — ZZ nếu nhiều tầng.',3,false,false,2,2,0,'a0000000-0000-0000-0000-000000000003','2026-02-01 09:08:00+07',NULL),
('fb000000-0000-0000-0000-000000000005','fa000000-0000-0000-0000-000000000001','TYP','Loại tài liệu','DR=bản vẽ, M3=mô hình 3D, SP=spec, CA=bảng tính.',4,true,false,2,2,0,'a0000000-0000-0000-0000-000000000003','2026-02-01 09:09:00+07',NULL),
('fb000000-0000-0000-0000-000000000006','fa000000-0000-0000-0000-000000000001','DIS','Bộ môn','Discipline: ARC, STR, MEP, ELE, PLB.',5,true,false,3,3,0,'a0000000-0000-0000-0000-000000000003','2026-02-01 09:10:00+07',NULL),
('fb000000-0000-0000-0000-000000000007','fa000000-0000-0000-0000-000000000001','NUM','Số thứ tự','Nhập tự do 3–4 chữ số (không có danh mục giá trị).',6,true,false,3,4,1,'a0000000-0000-0000-0000-000000000003','2026-02-01 09:11:00+07',NULL),
-- fa..0002 — rút gọn (4 trường)
('fb000000-0000-0000-0000-000000000008','fa000000-0000-0000-0000-000000000002','PRJ','Mã dự án','Khóa cứng CCL cho dự án Cầu Cát Lái.',0,true,true,3,3,0,'a0000000-0000-0000-0000-000000000002','2026-02-03 09:05:00+07',NULL),
('fb000000-0000-0000-0000-000000000009','fa000000-0000-0000-0000-000000000002','DIS','Bộ môn','STR=kết cấu, GEO=địa kỹ thuật, ROA=đường.',1,true,false,3,3,0,'a0000000-0000-0000-0000-000000000002','2026-02-03 09:06:00+07',NULL),
('fb000000-0000-0000-0000-000000000010','fa000000-0000-0000-0000-000000000002','TYP','Loại tài liệu','DR=bản vẽ, RP=báo cáo.',2,true,false,2,2,0,'a0000000-0000-0000-0000-000000000002','2026-02-03 09:07:00+07',NULL),
('fb000000-0000-0000-0000-000000000011','fa000000-0000-0000-0000-000000000002','NUM','Số thứ tự','Nhập tự do đúng 3 chữ số.',3,true,false,3,3,1,'a0000000-0000-0000-0000-000000000002','2026-02-03 09:08:00+07',NULL),
-- fa..0003 — quy ước cũ (2 trường, convention đã inactive)
('fb000000-0000-0000-0000-000000000012','fa000000-0000-0000-0000-000000000003','PRJ','Mã dự án','Trường của quy ước cũ.',0,true,true,3,3,0,'a0000000-0000-0000-0000-000000000002','2026-01-20 09:05:00+07',NULL),
('fb000000-0000-0000-0000-000000000013','fa000000-0000-0000-0000-000000000003','NUM','Số thứ tự','Trường của quy ước cũ.',1,true,false,3,3,1,'a0000000-0000-0000-0000-000000000002','2026-01-20 09:06:00+07',NULL);

-- ============================================================================
-- ★★★ 13) NAMING CONVENTION FIELD VALUES — danh mục giá trị cho phép ★★★
--     (trường NUM nhập tự do nên KHÔNG có dòng nào ở đây)
--     fc..0024 PLB: IsActive=false — test giá trị bị vô hiệu hoá.
-- ============================================================================
INSERT INTO "NamingConventionFieldValues" ("Id","NamingConventionFieldId","Code","DisplayName","Description","OrderIndex","IsLocked","IsActive","CreatedById","CreatedAt","UpdatedAt") VALUES
-- PRJ (fb..0001) — khóa cứng
('fc000000-0000-0000-0000-000000000001','fb000000-0000-0000-0000-000000000001','RIV','Riverside Tower','Mã dự án cố định.',0,true,true,'a0000000-0000-0000-0000-000000000003','2026-02-01 09:15:00+07',NULL),
-- ORG (fb..0002)
('fc000000-0000-0000-0000-000000000002','fb000000-0000-0000-0000-000000000002','ABC','Tập đoàn ABC','Chủ đầu tư.',0,false,true,'a0000000-0000-0000-0000-000000000003','2026-02-01 09:16:00+07',NULL),
('fc000000-0000-0000-0000-000000000003','fb000000-0000-0000-0000-000000000002','BIM','TV BIM Việt','Tư vấn thiết kế / BIM.',1,false,true,'a0000000-0000-0000-0000-000000000003','2026-02-01 09:16:30+07',NULL),
('fc000000-0000-0000-0000-000000000004','fb000000-0000-0000-0000-000000000002','TSN','XD Trường Sơn','Nhà thầu chính.',2,false,true,'a0000000-0000-0000-0000-000000000003','2026-02-01 09:17:00+07',NULL),
('fc000000-0000-0000-0000-000000000005','fb000000-0000-0000-0000-000000000002','TLG','TVGS Thăng Long','Tư vấn giám sát.',3,false,true,'a0000000-0000-0000-0000-000000000003','2026-02-01 09:17:30+07',NULL),
('fc000000-0000-0000-0000-000000000006','fb000000-0000-0000-0000-000000000002','HPN','VLXD Hòa Phát Nam','Nhà cung cấp.',4,false,true,'a0000000-0000-0000-0000-000000000003','2026-02-01 09:18:00+07',NULL),
-- ZON (fb..0003)
('fc000000-0000-0000-0000-000000000007','fb000000-0000-0000-0000-000000000003','TA','Tháp A',NULL,0,false,true,'a0000000-0000-0000-0000-000000000003','2026-02-01 09:19:00+07',NULL),
('fc000000-0000-0000-0000-000000000008','fb000000-0000-0000-0000-000000000003','TB','Tháp B',NULL,1,false,true,'a0000000-0000-0000-0000-000000000003','2026-02-01 09:19:20+07',NULL),
('fc000000-0000-0000-0000-000000000009','fb000000-0000-0000-0000-000000000003','TC','Tháp C',NULL,2,false,true,'a0000000-0000-0000-0000-000000000003','2026-02-01 09:19:40+07',NULL),
('fc000000-0000-0000-0000-000000000010','fb000000-0000-0000-0000-000000000003','XX','Không áp dụng','Dùng khi tài liệu không thuộc khối cụ thể.',3,false,true,'a0000000-0000-0000-0000-000000000003','2026-02-01 09:20:00+07',NULL),
-- LVL (fb..0004)
('fc000000-0000-0000-0000-000000000011','fb000000-0000-0000-0000-000000000004','B1','Tầng hầm B1',NULL,0,false,true,'a0000000-0000-0000-0000-000000000003','2026-02-01 09:21:00+07',NULL),
('fc000000-0000-0000-0000-000000000012','fb000000-0000-0000-0000-000000000004','00','Tầng trệt',NULL,1,false,true,'a0000000-0000-0000-0000-000000000003','2026-02-01 09:21:20+07',NULL),
('fc000000-0000-0000-0000-000000000013','fb000000-0000-0000-0000-000000000004','01','Tầng 1',NULL,2,false,true,'a0000000-0000-0000-0000-000000000003','2026-02-01 09:21:40+07',NULL),
('fc000000-0000-0000-0000-000000000014','fb000000-0000-0000-0000-000000000004','RF','Tầng mái',NULL,3,false,true,'a0000000-0000-0000-0000-000000000003','2026-02-01 09:22:00+07',NULL),
('fc000000-0000-0000-0000-000000000015','fb000000-0000-0000-0000-000000000004','ZZ','Nhiều tầng','Dùng cho tài liệu áp dụng nhiều tầng.',4,false,true,'a0000000-0000-0000-0000-000000000003','2026-02-01 09:22:20+07',NULL),
-- TYP (fb..0005)
('fc000000-0000-0000-0000-000000000016','fb000000-0000-0000-0000-000000000005','DR','Bản vẽ (Drawing)',NULL,0,false,true,'a0000000-0000-0000-0000-000000000003','2026-02-01 09:23:00+07',NULL),
('fc000000-0000-0000-0000-000000000017','fb000000-0000-0000-0000-000000000005','M3','Mô hình 3D (Model)',NULL,1,false,true,'a0000000-0000-0000-0000-000000000003','2026-02-01 09:23:20+07',NULL),
('fc000000-0000-0000-0000-000000000018','fb000000-0000-0000-0000-000000000005','SP','Chỉ dẫn kỹ thuật (Spec)',NULL,2,false,true,'a0000000-0000-0000-0000-000000000003','2026-02-01 09:23:40+07',NULL),
('fc000000-0000-0000-0000-000000000019','fb000000-0000-0000-0000-000000000005','CA','Bảng tính (Calculation)',NULL,3,false,true,'a0000000-0000-0000-0000-000000000003','2026-02-01 09:24:00+07',NULL),
-- DIS (fb..0006) — PLB inactive
('fc000000-0000-0000-0000-000000000020','fb000000-0000-0000-0000-000000000006','ARC','Kiến trúc',NULL,0,false,true,'a0000000-0000-0000-0000-000000000003','2026-02-01 09:25:00+07',NULL),
('fc000000-0000-0000-0000-000000000021','fb000000-0000-0000-0000-000000000006','STR','Kết cấu',NULL,1,false,true,'a0000000-0000-0000-0000-000000000003','2026-02-01 09:25:20+07',NULL),
('fc000000-0000-0000-0000-000000000022','fb000000-0000-0000-0000-000000000006','MEP','Cơ điện',NULL,2,false,true,'a0000000-0000-0000-0000-000000000003','2026-02-01 09:25:40+07',NULL),
('fc000000-0000-0000-0000-000000000023','fb000000-0000-0000-0000-000000000006','ELE','Điện',NULL,3,false,true,'a0000000-0000-0000-0000-000000000003','2026-02-01 09:26:00+07',NULL),
('fc000000-0000-0000-0000-000000000024','fb000000-0000-0000-0000-000000000006','PLB','Cấp thoát nước (đã gộp vào MEP)','Ngừng dùng — test IsActive=false.',4,false,false,'a0000000-0000-0000-0000-000000000003','2026-02-01 09:26:20+07','2026-02-15 09:00:00+07'),
-- PRJ của Cầu Cát Lái (fb..0008) — khóa cứng
('fc000000-0000-0000-0000-000000000025','fb000000-0000-0000-0000-000000000008','CCL','Cầu Cát Lái','Mã dự án cố định.',0,true,true,'a0000000-0000-0000-0000-000000000002','2026-02-03 09:15:00+07',NULL),
-- DIS của Cầu Cát Lái (fb..0009)
('fc000000-0000-0000-0000-000000000026','fb000000-0000-0000-0000-000000000009','STR','Kết cấu cầu',NULL,0,false,true,'a0000000-0000-0000-0000-000000000002','2026-02-03 09:16:00+07',NULL),
('fc000000-0000-0000-0000-000000000027','fb000000-0000-0000-0000-000000000009','GEO','Địa kỹ thuật',NULL,1,false,true,'a0000000-0000-0000-0000-000000000002','2026-02-03 09:16:20+07',NULL),
('fc000000-0000-0000-0000-000000000028','fb000000-0000-0000-0000-000000000009','ROA','Đường dẫn',NULL,2,false,true,'a0000000-0000-0000-0000-000000000002','2026-02-03 09:16:40+07',NULL),
-- TYP của Cầu Cát Lái (fb..0010)
('fc000000-0000-0000-0000-000000000029','fb000000-0000-0000-0000-000000000010','DR','Bản vẽ',NULL,0,false,true,'a0000000-0000-0000-0000-000000000002','2026-02-03 09:17:00+07',NULL),
('fc000000-0000-0000-0000-000000000030','fb000000-0000-0000-0000-000000000010','RP','Báo cáo',NULL,1,false,true,'a0000000-0000-0000-0000-000000000002','2026-02-03 09:17:20+07',NULL),
-- PRJ của quy ước cũ (fb..0012)
('fc000000-0000-0000-0000-000000000031','fb000000-0000-0000-0000-000000000012','RIV','Riverside Tower (quy ước cũ)',NULL,0,true,true,'a0000000-0000-0000-0000-000000000002','2026-01-20 09:15:00+07',NULL);

-- ============================================================================
-- ★★★ 14) NAMING CONVENTION LOCKED VALUES — khóa cứng field ↔ value ★★★
--     fd..0003 IsActive=false (thuộc quy ước cũ đã tắt).
-- ============================================================================
INSERT INTO "NamingConventionLockedValues" ("Id","NamingConventionFieldId","NamingConventionFieldValueId","IsActive","CreatedById","CreatedAt","UpdatedAt") VALUES
('fd000000-0000-0000-0000-000000000001','fb000000-0000-0000-0000-000000000001','fc000000-0000-0000-0000-000000000001',true,'a0000000-0000-0000-0000-000000000003','2026-02-01 09:30:00+07',NULL),
('fd000000-0000-0000-0000-000000000002','fb000000-0000-0000-0000-000000000008','fc000000-0000-0000-0000-000000000025',true,'a0000000-0000-0000-0000-000000000002','2026-02-03 09:30:00+07',NULL),
('fd000000-0000-0000-0000-000000000003','fb000000-0000-0000-0000-000000000012','fc000000-0000-0000-0000-000000000031',false,'a0000000-0000-0000-0000-000000000002','2026-01-20 09:30:00+07','2026-02-01 09:00:00+07');

-- ============================================================================
-- 15) FOLDERS  Area(CdeArea): Wip=0, Shared=1, Published=2, Archived=3
--     (cây tự tham chiếu — chèn folder gốc trước, folder con sau)
--     NamingConventionId là FK THẬT (SetNull) → NamingConventions phải chèn trước.
--     Gán quy ước: Kiến trúc / Kết cấu / Tháp A → fa..0001; Kết cấu nhịp thép → fa..0002.
-- ============================================================================
INSERT INTO "Folders" ("Id","ProjectId","Name","Area","ParentFolderId","IsTemplate","NamingConventionId","CreatedByAccountId","CreatedAt","UpdatedAt") VALUES
('f0000000-0000-0000-0000-000000000001','d0000000-0000-0000-0000-000000000001','01-WIP',0,NULL,false,NULL,'a0000000-0000-0000-0000-000000000002','2026-02-01 08:00:00+07',NULL),
('f0000000-0000-0000-0000-000000000002','d0000000-0000-0000-0000-000000000001','02-Shared',1,NULL,false,NULL,'a0000000-0000-0000-0000-000000000002','2026-02-01 08:00:00+07',NULL),
('f0000000-0000-0000-0000-000000000003','d0000000-0000-0000-0000-000000000001','03-Published',2,NULL,false,NULL,'a0000000-0000-0000-0000-000000000002','2026-02-01 08:00:00+07',NULL),
('f0000000-0000-0000-0000-000000000004','d0000000-0000-0000-0000-000000000001','04-Archived',3,NULL,false,NULL,'a0000000-0000-0000-0000-000000000002','2026-02-01 08:00:00+07',NULL),
('f0000000-0000-0000-0000-000000000005','d0000000-0000-0000-0000-000000000001','Kiến trúc',0,'f0000000-0000-0000-0000-000000000001',false,'fa000000-0000-0000-0000-000000000001','a0000000-0000-0000-0000-000000000003','2026-02-02 08:00:00+07',NULL),
('f0000000-0000-0000-0000-000000000006','d0000000-0000-0000-0000-000000000001','Kết cấu',0,'f0000000-0000-0000-0000-000000000001',false,'fa000000-0000-0000-0000-000000000001','a0000000-0000-0000-0000-000000000004','2026-02-02 08:10:00+07',NULL),
('f0000000-0000-0000-0000-000000000007','d0000000-0000-0000-0000-000000000001','MEP',0,'f0000000-0000-0000-0000-000000000001',false,NULL,'a0000000-0000-0000-0000-000000000003','2026-02-02 08:20:00+07',NULL),
('f0000000-0000-0000-0000-000000000008','d0000000-0000-0000-0000-000000000001','Bản vẽ phối hợp',1,'f0000000-0000-0000-0000-000000000002',false,NULL,'a0000000-0000-0000-0000-000000000002','2026-02-03 08:00:00+07',NULL),
('f0000000-0000-0000-0000-000000000009','d0000000-0000-0000-0000-000000000001','Hồ sơ phát hành',2,'f0000000-0000-0000-0000-000000000003',false,NULL,'a0000000-0000-0000-0000-000000000002','2026-02-03 08:10:00+07',NULL),
('f0000000-0000-0000-0000-000000000010','d0000000-0000-0000-0000-000000000002','01-WIP',0,NULL,false,NULL,'a0000000-0000-0000-0000-000000000002','2026-02-04 08:00:00+07',NULL),
-- cây sâu + edge case cho FolderTreeService
('f0000000-0000-0000-0000-000000000011','d0000000-0000-0000-0000-000000000001','Tháp A',0,'f0000000-0000-0000-0000-000000000005',false,'fa000000-0000-0000-0000-000000000001','a0000000-0000-0000-0000-000000000003','2026-02-10 08:00:00+07',NULL),
('f0000000-0000-0000-0000-000000000012','d0000000-0000-0000-0000-000000000001','Tháp B',0,'f0000000-0000-0000-0000-000000000005',false,NULL,'a0000000-0000-0000-0000-000000000003','2026-02-10 08:05:00+07',NULL),
('f0000000-0000-0000-0000-000000000013','d0000000-0000-0000-0000-000000000001','tháp C',0,'f0000000-0000-0000-0000-000000000005',false,NULL,'a0000000-0000-0000-0000-000000000004','2026-02-10 08:10:00+07',NULL),
('f0000000-0000-0000-0000-000000000014','d0000000-0000-0000-0000-000000000001','Tầng điển hình',0,'f0000000-0000-0000-0000-000000000011',false,NULL,'a0000000-0000-0000-0000-000000000003','2026-02-10 08:15:00+07',NULL),
('f0000000-0000-0000-0000-000000000015','d0000000-0000-0000-0000-000000000001','Tầng hầm B1',0,'f0000000-0000-0000-0000-000000000011',false,NULL,'a0000000-0000-0000-0000-000000000003','2026-02-10 08:20:00+07',NULL),
('f0000000-0000-0000-0000-000000000016','d0000000-0000-0000-0000-000000000001','Móng cọc',0,'f0000000-0000-0000-0000-000000000006',false,NULL,'a0000000-0000-0000-0000-000000000004','2026-02-10 08:25:00+07',NULL),
('f0000000-0000-0000-0000-000000000017','d0000000-0000-0000-0000-000000000001','Điện',0,'f0000000-0000-0000-0000-000000000007',false,NULL,'a0000000-0000-0000-0000-000000000003','2026-02-10 08:30:00+07',NULL),
('f0000000-0000-0000-0000-000000000018','d0000000-0000-0000-0000-000000000001','Cấp thoát nước',0,'f0000000-0000-0000-0000-000000000007',false,NULL,'a0000000-0000-0000-0000-000000000003','2026-02-10 08:35:00+07',NULL),
('f0000000-0000-0000-0000-000000000019','d0000000-0000-0000-0000-000000000001','Báo cáo va chạm',1,'f0000000-0000-0000-0000-000000000008',false,NULL,'a0000000-0000-0000-0000-000000000006','2026-02-11 08:00:00+07',NULL),
('f0000000-0000-0000-0000-000000000020','d0000000-0000-0000-0000-000000000001','Đợt phát hành 01',2,'f0000000-0000-0000-0000-000000000009',false,NULL,'a0000000-0000-0000-0000-000000000002','2026-02-11 08:10:00+07',NULL),
('f0000000-0000-0000-0000-000000000021','d0000000-0000-0000-0000-000000000001','Lưu trữ 2025',3,'f0000000-0000-0000-0000-000000000004',false,NULL,'a0000000-0000-0000-0000-000000000002','2026-02-11 08:20:00+07',NULL),
('f0000000-0000-0000-0000-000000000022','d0000000-0000-0000-0000-000000000001','Template CDE chuẩn',0,NULL,true,NULL,'a0000000-0000-0000-0000-000000000001','2026-01-30 08:00:00+07',NULL),
('f0000000-0000-0000-0000-000000000023','d0000000-0000-0000-0000-000000000001','01-WIP',0,'f0000000-0000-0000-0000-000000000022',true,NULL,'a0000000-0000-0000-0000-000000000001','2026-01-30 08:05:00+07',NULL),
('f0000000-0000-0000-0000-000000000024','d0000000-0000-0000-0000-000000000001','Hồ sơ chia sẻ Tháp A',1,'f0000000-0000-0000-0000-000000000011',false,NULL,'a0000000-0000-0000-0000-000000000003','2026-02-12 08:00:00+07',NULL),
('f0000000-0000-0000-0000-000000000025','d0000000-0000-0000-0000-000000000002','02-Shared',1,NULL,false,NULL,'a0000000-0000-0000-0000-000000000002','2026-02-04 08:10:00+07',NULL),
('f0000000-0000-0000-0000-000000000026','d0000000-0000-0000-0000-000000000002','Kết cấu nhịp thép',0,'f0000000-0000-0000-0000-000000000010',false,'fa000000-0000-0000-0000-000000000002','a0000000-0000-0000-0000-000000000003','2026-02-04 08:20:00+07',NULL);

-- ============================================================================
-- ★★★ 16) FOLDER PERMISSIONS — ACL thư mục theo ProjectParticipant ★★★
--     Status(PermissionStatus): Active=0, Inactive=1
--     Ma trận nhiều tình huống:
--       • CĐT (d3..0001)      : xem/tải/duyệt vùng Published
--       • BQLDA (d3..0002)    : full quyền hầu hết thư mục
--       • TVTK/BIM (d3..0003) : edit/update vùng WIP thiết kế
--       • Nhà thầu (d3..0004) : xem/tải Shared + Published; 1 dòng bị THU HỒI (Status=1)
--       • TVGS (d3..0005)     : verify/approve vùng Shared
--       • Dự án 2 (d3..0006/7): quyền cơ bản
-- ============================================================================
INSERT INTO "FolderPermissions" ("Id","FolderId","ProjectParticipantId","CanView","CanEdit","CanUpdate","CanDownload","CanVerify","CanApprove","Status") VALUES
-- Chủ đầu tư — Published & Archived (xem, tải, duyệt)
('f1000000-0000-0000-0000-000000000001','f0000000-0000-0000-0000-000000000003','d3000000-0000-0000-0000-000000000001',true,false,false,true,false,true,0),
('f1000000-0000-0000-0000-000000000002','f0000000-0000-0000-0000-000000000009','d3000000-0000-0000-0000-000000000001',true,false,false,true,false,true,0),
('f1000000-0000-0000-0000-000000000003','f0000000-0000-0000-0000-000000000020','d3000000-0000-0000-0000-000000000001',true,false,false,true,false,false,0),
('f1000000-0000-0000-0000-000000000004','f0000000-0000-0000-0000-000000000004','d3000000-0000-0000-0000-000000000001',true,false,false,true,false,false,0),
-- BQLDA — full quyền cả 4 vùng
('f1000000-0000-0000-0000-000000000005','f0000000-0000-0000-0000-000000000001','d3000000-0000-0000-0000-000000000002',true,true,true,true,false,false,0),
('f1000000-0000-0000-0000-000000000006','f0000000-0000-0000-0000-000000000002','d3000000-0000-0000-0000-000000000002',true,true,true,true,true,false,0),
('f1000000-0000-0000-0000-000000000007','f0000000-0000-0000-0000-000000000003','d3000000-0000-0000-0000-000000000002',true,true,true,true,true,true,0),
('f1000000-0000-0000-0000-000000000008','f0000000-0000-0000-0000-000000000004','d3000000-0000-0000-0000-000000000002',true,false,false,true,false,false,0),
-- TVTK / BIM — WIP thiết kế (edit + update), Shared chỉ update/tải
('f1000000-0000-0000-0000-000000000009','f0000000-0000-0000-0000-000000000005','d3000000-0000-0000-0000-000000000003',true,true,true,true,false,false,0),
('f1000000-0000-0000-0000-000000000010','f0000000-0000-0000-0000-000000000006','d3000000-0000-0000-0000-000000000003',true,true,true,true,false,false,0),
('f1000000-0000-0000-0000-000000000011','f0000000-0000-0000-0000-000000000007','d3000000-0000-0000-0000-000000000003',true,true,true,true,false,false,0),
('f1000000-0000-0000-0000-000000000012','f0000000-0000-0000-0000-000000000011','d3000000-0000-0000-0000-000000000003',true,true,true,true,false,false,0),
('f1000000-0000-0000-0000-000000000013','f0000000-0000-0000-0000-000000000002','d3000000-0000-0000-0000-000000000003',true,false,true,true,false,false,0),
('f1000000-0000-0000-0000-000000000014','f0000000-0000-0000-0000-000000000024','d3000000-0000-0000-0000-000000000003',true,false,true,true,false,false,0),
-- Nhà thầu — xem/tải Shared + Published; quyền vào WIP Kiến trúc đã bị THU HỒI
('f1000000-0000-0000-0000-000000000015','f0000000-0000-0000-0000-000000000002','d3000000-0000-0000-0000-000000000004',true,false,false,true,false,false,0),
('f1000000-0000-0000-0000-000000000016','f0000000-0000-0000-0000-000000000008','d3000000-0000-0000-0000-000000000004',true,false,false,true,false,false,0),
('f1000000-0000-0000-0000-000000000017','f0000000-0000-0000-0000-000000000009','d3000000-0000-0000-0000-000000000004',true,false,false,true,false,false,0),
('f1000000-0000-0000-0000-000000000018','f0000000-0000-0000-0000-000000000005','d3000000-0000-0000-0000-000000000004',true,false,false,true,false,false,1),
-- TVGS — Shared: xem/tải + thẩm tra; Báo cáo va chạm: thêm duyệt
('f1000000-0000-0000-0000-000000000019','f0000000-0000-0000-0000-000000000002','d3000000-0000-0000-0000-000000000005',true,false,false,true,true,false,0),
('f1000000-0000-0000-0000-000000000020','f0000000-0000-0000-0000-000000000008','d3000000-0000-0000-0000-000000000005',true,false,false,true,true,false,0),
('f1000000-0000-0000-0000-000000000021','f0000000-0000-0000-0000-000000000019','d3000000-0000-0000-0000-000000000005',true,false,false,true,true,true,0),
('f1000000-0000-0000-0000-000000000022','f0000000-0000-0000-0000-000000000005','d3000000-0000-0000-0000-000000000005',true,false,false,true,true,false,0),
-- Dự án 2 — Cầu Cát Lái
('f1000000-0000-0000-0000-000000000023','f0000000-0000-0000-0000-000000000010','d3000000-0000-0000-0000-000000000006',true,false,false,true,false,true,0),
('f1000000-0000-0000-0000-000000000024','f0000000-0000-0000-0000-000000000026','d3000000-0000-0000-0000-000000000007',true,true,true,true,false,false,0),
('f1000000-0000-0000-0000-000000000025','f0000000-0000-0000-0000-000000000025','d3000000-0000-0000-0000-000000000007',true,false,true,true,false,false,0),
('f1000000-0000-0000-0000-000000000026','f0000000-0000-0000-0000-000000000025','d3000000-0000-0000-0000-000000000008',true,false,false,false,false,false,1);

-- ============================================================================
-- 17) FILE ITEMS  FileType: Pdf=0,Ifc=1,Image=2,Cad=3,Office=4,Other=5
--     Status(FileItemStatus): Draft=0,PendingApproval=1,Approved=2,Rejected=3
--     Tên file trong folder có quy ước ĐÚNG CHUẨN đã khai báo (khớp FileNamingMetadata).
--     CurrentVersionId/SignedVersionId: cột scalar KHÔNG FK — trỏ FileVersions an toàn.
--     Warnning/WarnningMessage: f2..0004 bị cảnh báo tên sai quy ước.
--     Tệp liên quan: xem 17a) FILE LINKS bên dưới (phải chèn SAU vì có FK về FileItems).
-- ============================================================================
INSERT INTO "FileItems" ("Id","FolderId","Name","FileType","Status","RequiresSignature","IsSigned","CurrentVersionId","SignedVersionId","Warnning","WarnningMessage","CreatedByAccountId","CreatedAt","UpdatedAt") VALUES
('f2000000-0000-0000-0000-000000000001','f0000000-0000-0000-0000-000000000005','RIV-BIM-TA-01-DR-ARC-001.pdf',0,1,true,false,'f3000000-0000-0000-0000-000000000001',NULL,false,NULL,'a0000000-0000-0000-0000-000000000003','2026-02-05 08:00:00+07',NULL),
('f2000000-0000-0000-0000-000000000002','f0000000-0000-0000-0000-000000000005','RIV-BIM-TA-ZZ-M3-ARC-001.ifc',1,2,false,false,'f3000000-0000-0000-0000-000000000003',NULL,false,NULL,'a0000000-0000-0000-0000-000000000003','2026-02-05 08:10:00+07','2026-02-20 10:00:00+07'),
('f2000000-0000-0000-0000-000000000003','f0000000-0000-0000-0000-000000000006','RIV-TSN-XX-ZZ-CA-STR-001.xlsx',4,0,false,false,'f3000000-0000-0000-0000-000000000004',NULL,false,NULL,'a0000000-0000-0000-0000-000000000004','2026-02-06 08:00:00+07',NULL),
('f2000000-0000-0000-0000-000000000004','f0000000-0000-0000-0000-000000000008','Coord-Drawing.dwg',3,3,false,false,'f3000000-0000-0000-0000-000000000005',NULL,true,'Tên file không theo quy ước đặt tên; bản vẽ đã bị từ chối phê duyệt.','a0000000-0000-0000-0000-000000000003','2026-02-07 08:00:00+07',NULL),
('f2000000-0000-0000-0000-000000000005','f0000000-0000-0000-0000-000000000009','Published-Set.pdf',0,2,true,true,'f3000000-0000-0000-0000-000000000006','f3000000-0000-0000-0000-000000000006',false,NULL,'a0000000-0000-0000-0000-000000000002','2026-02-08 08:00:00+07',NULL),
('f2000000-0000-0000-0000-000000000006','f0000000-0000-0000-0000-000000000005','RIV-BIM-TB-00-DR-ARC-002.pdf',0,0,false,false,'f3000000-0000-0000-0000-000000000007',NULL,false,NULL,'a0000000-0000-0000-0000-000000000004','2026-03-01 08:00:00+07',NULL),
('f2000000-0000-0000-0000-000000000007','f0000000-0000-0000-0000-000000000026','CCL_STR_DR_001.pdf',0,0,false,false,'f3000000-0000-0000-0000-000000000008',NULL,false,NULL,'a0000000-0000-0000-0000-000000000003','2026-03-02 08:00:00+07',NULL);

-- ============================================================================
-- 17a) FILE LINKS — "tệp liên quan", quan hệ HAI CHIỀU giữa 2 FileItem.
--      Mỗi cặp CHỈ 1 dòng, thứ tự đã chuẩn hoá (FileItemId < LinkedFileItemId theo
--      Guid.CompareTo) đúng như FileLinkService ghi — đọc phải tìm theo cả hai cột.
--      Có FK về FileItems → bắt buộc chèn SAU mục 17.
--      Cặp mẫu: bản vẽ f2..0001 ↔ mô hình f2..0002 (cùng folder f0..0005).
-- ============================================================================
INSERT INTO "FileLinks" ("Id","FileItemId","LinkedFileItemId","CreatedByAccountId","CreatedAt") VALUES
('ff000000-0000-0000-0000-000000000001','f2000000-0000-0000-0000-000000000001','f2000000-0000-0000-0000-000000000002','a0000000-0000-0000-0000-000000000003','2026-02-05 08:15:00+07');

-- ============================================================================
-- 18) FILE VERSIONS
--     ViewerStatus(ModelViewerStatus): None=0..Failed=4 — ĐỂ TẤT CẢ = 0 (None):
--     seed không có file thật trên storage; để Pending/Processing thì worker nền
--     sẽ đọc file vật lý → lỗi "Stored object not found".
--     f3..0006: bản đã KÝ SỐ (IsSigned=true + SignedBy/SignedAt/CertificateSerial).
-- ============================================================================
INSERT INTO "FileVersions" ("Id","FileItemId","VersionNumber","StoragePath","PreviewStoragePath","Format","FileSizeBytes","Checksum","IsHidden","ViewerStatus","ViewerUrn","ViewerProgress","ViewerError","IsSigned","SignedAt","SignedBy","CertificateSerial","UploadedByAccountId","UploadedAt") VALUES
('f3000000-0000-0000-0000-000000000001','f2000000-0000-0000-0000-000000000001',1,'projects/d01/wip/kien-truc/riv-bim-ta-01-dr-arc-001-v1.pdf',NULL,'pdf',1048576,'sha256:aa01',false,0,NULL,NULL,NULL,false,NULL,NULL,NULL,'a0000000-0000-0000-0000-000000000003','2026-02-05 08:00:00+07'),
('f3000000-0000-0000-0000-000000000002','f2000000-0000-0000-0000-000000000002',1,'projects/d01/wip/kien-truc/riv-bim-ta-zz-m3-arc-001-v1.ifc',NULL,'ifc',5242880,'sha256:bb01',true,0,NULL,NULL,NULL,false,NULL,NULL,NULL,'a0000000-0000-0000-0000-000000000003','2026-02-05 08:10:00+07'),
('f3000000-0000-0000-0000-000000000003','f2000000-0000-0000-0000-000000000002',2,'projects/d01/wip/kien-truc/riv-bim-ta-zz-m3-arc-001-v2.ifc',NULL,'ifc',6291456,'sha256:bb02',false,0,NULL,NULL,NULL,false,NULL,NULL,NULL,'a0000000-0000-0000-0000-000000000003','2026-02-20 10:00:00+07'),
('f3000000-0000-0000-0000-000000000004','f2000000-0000-0000-0000-000000000003',1,'projects/d01/wip/ket-cau/riv-tsn-xx-zz-ca-str-001-v1.xlsx',NULL,'xlsx',262144,'sha256:cc01',false,0,NULL,NULL,NULL,false,NULL,NULL,NULL,'a0000000-0000-0000-0000-000000000004','2026-02-06 08:00:00+07'),
('f3000000-0000-0000-0000-000000000005','f2000000-0000-0000-0000-000000000004',1,'projects/d01/shared/coord-drawing-v1.dwg',NULL,'dwg',2097152,'sha256:dd01',false,0,NULL,NULL,NULL,false,NULL,NULL,NULL,'a0000000-0000-0000-0000-000000000003','2026-02-07 08:00:00+07'),
('f3000000-0000-0000-0000-000000000006','f2000000-0000-0000-0000-000000000005',1,'projects/d01/published/published-set-v1.pdf',NULL,'pdf',3145728,'sha256:ee01',false,0,NULL,NULL,NULL,true,'2026-02-09 10:05:00+07','a0000000-0000-0000-0000-000000000007','540101A1B2','a0000000-0000-0000-0000-000000000002','2026-02-08 08:00:00+07'),
('f3000000-0000-0000-0000-000000000007','f2000000-0000-0000-0000-000000000006',1,'projects/d01/wip/kien-truc/riv-bim-tb-00-dr-arc-002-v1.pdf',NULL,'pdf',917504,'sha256:ff01',false,0,NULL,NULL,NULL,false,NULL,NULL,NULL,'a0000000-0000-0000-0000-000000000004','2026-03-01 08:00:00+07'),
('f3000000-0000-0000-0000-000000000008','f2000000-0000-0000-0000-000000000007',1,'projects/d02/wip/ket-cau-nhip-thep/ccl_str_dr_001-v1.pdf',NULL,'pdf',786432,'sha256:gg01',false,0,NULL,NULL,NULL,false,NULL,NULL,NULL,'a0000000-0000-0000-0000-000000000003','2026-03-02 08:00:00+07');

-- ============================================================================
-- ★★★ 19) FILE PERMISSIONS — ACL mức FILE (ghi đè/bổ sung quyền folder) ★★★
--     Status(PermissionStatus): Active=0, Inactive=1
--     f4..0003: quyền của Nhà thầu trên file 1 bị THU HỒI (Status=1).
-- ============================================================================
INSERT INTO "FilePermissions" ("Id","FileItemId","ProjectParticipantId","CanView","CanEdit","CanUpdate","CanDownload","CanVerify","CanApprove","Status") VALUES
-- File 1 — bản vẽ ARC đang chờ duyệt
('f4000000-0000-0000-0000-000000000001','f2000000-0000-0000-0000-000000000001','d3000000-0000-0000-0000-000000000005',true,false,false,true,true,false,0),
('f4000000-0000-0000-0000-000000000002','f2000000-0000-0000-0000-000000000001','d3000000-0000-0000-0000-000000000001',true,false,false,false,false,false,0),
('f4000000-0000-0000-0000-000000000003','f2000000-0000-0000-0000-000000000001','d3000000-0000-0000-0000-000000000004',true,false,false,true,false,false,1),
-- File 2 — mô hình IFC đã duyệt
('f4000000-0000-0000-0000-000000000004','f2000000-0000-0000-0000-000000000002','d3000000-0000-0000-0000-000000000004',true,false,false,true,false,false,0),
('f4000000-0000-0000-0000-000000000005','f2000000-0000-0000-0000-000000000002','d3000000-0000-0000-0000-000000000005',true,false,false,true,true,false,0),
-- File 3 — bảng tính kết cấu (TVTK được xem chéo bộ môn)
('f4000000-0000-0000-0000-000000000006','f2000000-0000-0000-0000-000000000003','d3000000-0000-0000-0000-000000000003',true,false,false,true,false,false,0),
-- File 4 — bản vẽ phối hợp bị từ chối
('f4000000-0000-0000-0000-000000000007','f2000000-0000-0000-0000-000000000004','d3000000-0000-0000-0000-000000000005',true,false,false,true,true,false,0),
('f4000000-0000-0000-0000-000000000008','f2000000-0000-0000-0000-000000000004','d3000000-0000-0000-0000-000000000001',true,false,false,false,false,false,0),
-- File 5 — hồ sơ phát hành đã ký
('f4000000-0000-0000-0000-000000000009','f2000000-0000-0000-0000-000000000005','d3000000-0000-0000-0000-000000000001',true,false,false,true,false,true,0),
('f4000000-0000-0000-0000-000000000010','f2000000-0000-0000-0000-000000000005','d3000000-0000-0000-0000-000000000004',true,false,false,true,false,false,0),
-- File 6 — bản nháp (BQLDA full quyền)
('f4000000-0000-0000-0000-000000000011','f2000000-0000-0000-0000-000000000006','d3000000-0000-0000-0000-000000000002',true,true,true,true,false,false,0),
-- File 7 — dự án Cầu Cát Lái
('f4000000-0000-0000-0000-000000000012','f2000000-0000-0000-0000-000000000007','d3000000-0000-0000-0000-000000000007',true,true,true,true,false,false,0),
('f4000000-0000-0000-0000-000000000013','f2000000-0000-0000-0000-000000000007','d3000000-0000-0000-0000-000000000006',true,false,false,true,false,false,0);

-- ============================================================================
-- ★★★ 20) FILE NAMING METADATA — giá trị từng trường đã chọn khi upload ★★★
--     SelectedValueId trỏ NamingConventionFieldValues; NUM nhập tự do → NULL.
--     Tên file = ghép Value theo OrderIndex + Delimiter của convention.
-- ============================================================================
INSERT INTO "FileNamingMetadata" ("Id","FileItemId","NamingConventionFieldId","SelectedValueId","Value","DisplayValue","CreatedAt","UpdatedAt") VALUES
-- f2..0001 = RIV-BIM-TA-01-DR-ARC-001.pdf
('fe000000-0000-0000-0000-000000000001','f2000000-0000-0000-0000-000000000001','fb000000-0000-0000-0000-000000000001','fc000000-0000-0000-0000-000000000001','RIV','Riverside Tower','2026-02-05 08:00:00+07',NULL),
('fe000000-0000-0000-0000-000000000002','f2000000-0000-0000-0000-000000000001','fb000000-0000-0000-0000-000000000002','fc000000-0000-0000-0000-000000000003','BIM','TV BIM Việt','2026-02-05 08:00:00+07',NULL),
('fe000000-0000-0000-0000-000000000003','f2000000-0000-0000-0000-000000000001','fb000000-0000-0000-0000-000000000003','fc000000-0000-0000-0000-000000000007','TA','Tháp A','2026-02-05 08:00:00+07',NULL),
('fe000000-0000-0000-0000-000000000004','f2000000-0000-0000-0000-000000000001','fb000000-0000-0000-0000-000000000004','fc000000-0000-0000-0000-000000000013','01','Tầng 1','2026-02-05 08:00:00+07',NULL),
('fe000000-0000-0000-0000-000000000005','f2000000-0000-0000-0000-000000000001','fb000000-0000-0000-0000-000000000005','fc000000-0000-0000-0000-000000000016','DR','Bản vẽ (Drawing)','2026-02-05 08:00:00+07',NULL),
('fe000000-0000-0000-0000-000000000006','f2000000-0000-0000-0000-000000000001','fb000000-0000-0000-0000-000000000006','fc000000-0000-0000-0000-000000000020','ARC','Kiến trúc','2026-02-05 08:00:00+07',NULL),
('fe000000-0000-0000-0000-000000000007','f2000000-0000-0000-0000-000000000001','fb000000-0000-0000-0000-000000000007',NULL,'001','Số 001','2026-02-05 08:00:00+07',NULL),
-- f2..0002 = RIV-BIM-TA-ZZ-M3-ARC-001.ifc
('fe000000-0000-0000-0000-000000000008','f2000000-0000-0000-0000-000000000002','fb000000-0000-0000-0000-000000000001','fc000000-0000-0000-0000-000000000001','RIV','Riverside Tower','2026-02-05 08:10:00+07',NULL),
('fe000000-0000-0000-0000-000000000009','f2000000-0000-0000-0000-000000000002','fb000000-0000-0000-0000-000000000002','fc000000-0000-0000-0000-000000000003','BIM','TV BIM Việt','2026-02-05 08:10:00+07',NULL),
('fe000000-0000-0000-0000-000000000010','f2000000-0000-0000-0000-000000000002','fb000000-0000-0000-0000-000000000003','fc000000-0000-0000-0000-000000000007','TA','Tháp A','2026-02-05 08:10:00+07',NULL),
('fe000000-0000-0000-0000-000000000011','f2000000-0000-0000-0000-000000000002','fb000000-0000-0000-0000-000000000004','fc000000-0000-0000-0000-000000000015','ZZ','Nhiều tầng','2026-02-05 08:10:00+07',NULL),
('fe000000-0000-0000-0000-000000000012','f2000000-0000-0000-0000-000000000002','fb000000-0000-0000-0000-000000000005','fc000000-0000-0000-0000-000000000017','M3','Mô hình 3D (Model)','2026-02-05 08:10:00+07',NULL),
('fe000000-0000-0000-0000-000000000013','f2000000-0000-0000-0000-000000000002','fb000000-0000-0000-0000-000000000006','fc000000-0000-0000-0000-000000000020','ARC','Kiến trúc','2026-02-05 08:10:00+07',NULL),
('fe000000-0000-0000-0000-000000000014','f2000000-0000-0000-0000-000000000002','fb000000-0000-0000-0000-000000000007',NULL,'001','Số 001','2026-02-05 08:10:00+07',NULL),
-- f2..0003 = RIV-TSN-XX-ZZ-CA-STR-001.xlsx
('fe000000-0000-0000-0000-000000000015','f2000000-0000-0000-0000-000000000003','fb000000-0000-0000-0000-000000000001','fc000000-0000-0000-0000-000000000001','RIV','Riverside Tower','2026-02-06 08:00:00+07',NULL),
('fe000000-0000-0000-0000-000000000016','f2000000-0000-0000-0000-000000000003','fb000000-0000-0000-0000-000000000002','fc000000-0000-0000-0000-000000000004','TSN','XD Trường Sơn','2026-02-06 08:00:00+07',NULL),
('fe000000-0000-0000-0000-000000000017','f2000000-0000-0000-0000-000000000003','fb000000-0000-0000-0000-000000000003','fc000000-0000-0000-0000-000000000010','XX','Không áp dụng','2026-02-06 08:00:00+07',NULL),
('fe000000-0000-0000-0000-000000000018','f2000000-0000-0000-0000-000000000003','fb000000-0000-0000-0000-000000000004','fc000000-0000-0000-0000-000000000015','ZZ','Nhiều tầng','2026-02-06 08:00:00+07',NULL),
('fe000000-0000-0000-0000-000000000019','f2000000-0000-0000-0000-000000000003','fb000000-0000-0000-0000-000000000005','fc000000-0000-0000-0000-000000000019','CA','Bảng tính (Calculation)','2026-02-06 08:00:00+07',NULL),
('fe000000-0000-0000-0000-000000000020','f2000000-0000-0000-0000-000000000003','fb000000-0000-0000-0000-000000000006','fc000000-0000-0000-0000-000000000021','STR','Kết cấu','2026-02-06 08:00:00+07',NULL),
('fe000000-0000-0000-0000-000000000021','f2000000-0000-0000-0000-000000000003','fb000000-0000-0000-0000-000000000007',NULL,'001','Số 001','2026-02-06 08:00:00+07',NULL),
-- f2..0006 = RIV-BIM-TB-00-DR-ARC-002.pdf
('fe000000-0000-0000-0000-000000000022','f2000000-0000-0000-0000-000000000006','fb000000-0000-0000-0000-000000000001','fc000000-0000-0000-0000-000000000001','RIV','Riverside Tower','2026-03-01 08:00:00+07',NULL),
('fe000000-0000-0000-0000-000000000023','f2000000-0000-0000-0000-000000000006','fb000000-0000-0000-0000-000000000002','fc000000-0000-0000-0000-000000000003','BIM','TV BIM Việt','2026-03-01 08:00:00+07',NULL),
('fe000000-0000-0000-0000-000000000024','f2000000-0000-0000-0000-000000000006','fb000000-0000-0000-0000-000000000003','fc000000-0000-0000-0000-000000000008','TB','Tháp B','2026-03-01 08:00:00+07',NULL),
('fe000000-0000-0000-0000-000000000025','f2000000-0000-0000-0000-000000000006','fb000000-0000-0000-0000-000000000004','fc000000-0000-0000-0000-000000000012','00','Tầng trệt','2026-03-01 08:00:00+07',NULL),
('fe000000-0000-0000-0000-000000000026','f2000000-0000-0000-0000-000000000006','fb000000-0000-0000-0000-000000000005','fc000000-0000-0000-0000-000000000016','DR','Bản vẽ (Drawing)','2026-03-01 08:00:00+07',NULL),
('fe000000-0000-0000-0000-000000000027','f2000000-0000-0000-0000-000000000006','fb000000-0000-0000-0000-000000000006','fc000000-0000-0000-0000-000000000020','ARC','Kiến trúc','2026-03-01 08:00:00+07',NULL),
('fe000000-0000-0000-0000-000000000028','f2000000-0000-0000-0000-000000000006','fb000000-0000-0000-0000-000000000007',NULL,'002','Số 002','2026-03-01 08:00:00+07',NULL),
-- f2..0007 = CCL_STR_DR_001.pdf (quy ước fa..0002, delimiter '_')
('fe000000-0000-0000-0000-000000000029','f2000000-0000-0000-0000-000000000007','fb000000-0000-0000-0000-000000000008','fc000000-0000-0000-0000-000000000025','CCL','Cầu Cát Lái','2026-03-02 08:00:00+07',NULL),
('fe000000-0000-0000-0000-000000000030','f2000000-0000-0000-0000-000000000007','fb000000-0000-0000-0000-000000000009','fc000000-0000-0000-0000-000000000026','STR','Kết cấu cầu','2026-03-02 08:00:00+07',NULL),
('fe000000-0000-0000-0000-000000000031','f2000000-0000-0000-0000-000000000007','fb000000-0000-0000-0000-000000000010','fc000000-0000-0000-0000-000000000029','DR','Bản vẽ','2026-03-02 08:00:00+07',NULL),
('fe000000-0000-0000-0000-000000000032','f2000000-0000-0000-0000-000000000007','fb000000-0000-0000-0000-000000000011',NULL,'001','Số 001','2026-03-02 08:00:00+07',NULL);

-- ============================================================================
-- 21) FILE SIGNATURE POSITIONS — vị trí khung chữ ký trên trang PDF (tỷ lệ 0..1)
--     ⚠️ UNIQUE trên FileItemId — mỗi file chỉ có 1 vị trí ký.
-- ============================================================================
INSERT INTO "FileSignaturePositions" ("Id","FileItemId","PageNumber","X","Y","Width","Height","CreatedBy","CreatedAt","UpdatedAt") VALUES
('f9000000-0000-0000-0000-000000000001','f2000000-0000-0000-0000-000000000005',1,0.62,0.85,0.30,0.08,'a0000000-0000-0000-0000-000000000002','2026-02-08 08:30:00+07',NULL),
('f9000000-0000-0000-0000-000000000003','f2000000-0000-0000-0000-000000000001',1,0.60,0.90,0.32,0.07,'a0000000-0000-0000-0000-000000000003','2026-06-15 08:30:00+07',NULL);

-- ============================================================================
-- 22) APPROVAL REQUESTS — phiếu duyệt chuyển vùng CDE
--     Status: Pending=0, Approved=1, Rejected=2
--     FromZone/TargetZone(CdeArea): Wip=0, Shared=1, Published=2, Archived=3
-- ============================================================================
INSERT INTO "ApprovalRequests" ("Id","FileItemId","RequestedBy","ApproverId","FromZone","TargetZone","RequiresSignature","Status","RejectReason","CreatedAt","ApprovedAt") VALUES
('aa000000-0000-0000-0000-000000000001','f2000000-0000-0000-0000-000000000001','a0000000-0000-0000-0000-000000000003','a0000000-0000-0000-0000-000000000002',0,1,true,0,NULL,'2026-06-15 09:00:00+07',NULL),
('aa000000-0000-0000-0000-000000000002','f2000000-0000-0000-0000-000000000005','a0000000-0000-0000-0000-000000000002','a0000000-0000-0000-0000-000000000007',1,2,true,1,NULL,'2026-02-08 09:00:00+07','2026-02-09 10:00:00+07'),
('aa000000-0000-0000-0000-000000000003','f2000000-0000-0000-0000-000000000004','a0000000-0000-0000-0000-000000000003','a0000000-0000-0000-0000-000000000006',0,1,false,2,'Bản vẽ thiếu khung tên và chưa đúng quy cách đặt tên.','2026-06-16 09:00:00+07',NULL),
('aa000000-0000-0000-0000-000000000004','f2000000-0000-0000-0000-000000000002','a0000000-0000-0000-0000-000000000003','a0000000-0000-0000-0000-000000000002',0,1,false,1,NULL,'2026-02-19 09:00:00+07','2026-02-20 10:00:00+07');

-- ============================================================================
-- 23) APPROVAL REQUEST SIGNERS — người/nhóm được yêu cầu ký
--     Status(ApprovalRequestSignerStatus): Pending=0, Signed=1
-- ============================================================================
INSERT INTO "ApprovalRequestSigners" ("Id","ApprovalRequestId","SignerAccountId","SignerGroupId","Status","SignedAt","CertificateSerial") VALUES
('ad000000-0000-0000-0000-000000000001','aa000000-0000-0000-0000-000000000002','a0000000-0000-0000-0000-000000000007',NULL,1,'2026-02-09 10:05:00+07','540101A1B2'),
('ad000000-0000-0000-0000-000000000002','aa000000-0000-0000-0000-000000000001','a0000000-0000-0000-0000-000000000002',NULL,0,NULL,NULL),
('ad000000-0000-0000-0000-000000000003','aa000000-0000-0000-0000-000000000001',NULL,'c0000000-0000-0000-0000-000000000005',0,NULL,NULL);

-- ============================================================================
-- 24) APPROVAL SIGNATURE TRANSACTIONS (VNPT SmartCA)
--     Status(SignatureTransactionStatus): Created=0,WaitingConfirm=1,Signed=2,Failed=3,Expired=4
-- ============================================================================
INSERT INTO "ApprovalSignatureTransactions" ("Id","ApprovalRequestId","FileItemId","SignedBy","Status","TransactionId","CertificateSerial","Sad","RawRequest","RawResponse","SignedAt","CreatedAt","UpdatedAt") VALUES
('ab000000-0000-0000-0000-000000000001','aa000000-0000-0000-0000-000000000002','f2000000-0000-0000-0000-000000000005','a0000000-0000-0000-0000-000000000007',2,'VNPT-CA-TX-0001','540101A1B2','sample-sad-token','{"transactionId":"VNPT-CA-TX-0001"}','{"status":"signed"}','2026-02-09 10:05:00+07','2026-02-09 09:30:00+07','2026-02-09 10:05:00+07'),
('ab000000-0000-0000-0000-000000000002','aa000000-0000-0000-0000-000000000001','f2000000-0000-0000-0000-000000000001',NULL,1,'VNPT-CA-TX-0002',NULL,NULL,'{"transactionId":"VNPT-CA-TX-0002"}',NULL,NULL,'2026-06-15 09:30:00+07',NULL);

-- ============================================================================
-- 25) ZONE RETURN REQUESTS  Status: Pending=0, Approved=1, Rejected=2
--     IssueId (nullable, KHÔNG có FK): ac..0002 gắn với Issue va chạm MEP (30..0001).
-- ============================================================================
INSERT INTO "ZoneReturnRequests" ("Id","FileItemId","IssueId","RequestedBy","ApprovedBy","FromZone","TargetZone","Status","Reason","RejectReason","CreatedAt","DecidedAt") VALUES
('ac000000-0000-0000-0000-000000000001','f2000000-0000-0000-0000-000000000005',NULL,'a0000000-0000-0000-0000-000000000005',NULL,2,1,0,'Phát hiện sai sót cần chỉnh sửa lại bản đã phát hành.',NULL,'2026-06-18 09:00:00+07',NULL),
('ac000000-0000-0000-0000-000000000002','f2000000-0000-0000-0000-000000000002','30000000-0000-0000-0000-000000000001','a0000000-0000-0000-0000-000000000003','a0000000-0000-0000-0000-000000000002',1,0,1,'Đưa mô hình về WIP để cập nhật xử lý va chạm MEP.',NULL,'2026-06-12 09:00:00+07','2026-06-12 14:00:00+07'),
('ac000000-0000-0000-0000-000000000003','f2000000-0000-0000-0000-000000000004',NULL,'a0000000-0000-0000-0000-000000000004','a0000000-0000-0000-0000-000000000002',1,0,2,'Đề nghị trả bản vẽ phối hợp về WIP.','Không đủ lý do để trả về; tiếp tục xử lý ở Shared.','2026-06-13 09:00:00+07','2026-06-13 15:00:00+07');

-- ============================================================================
-- 26) MARKUP SETS + FILE NOTES
--     MarkupSetStatus: Open=0,Resolved=1,Closed=2 | FileNoteStatus: Open=0,Resolved=1
--     MarkupType: Rectangle=0..Cloud=7, Viewpoint=8
-- ============================================================================
INSERT INTO "MarkupSets" ("Id","FileItemId","FileVersionId","Title","Status","IssueId","SnapshotStoragePath","CreatedByAccountId","CreatedAt","UpdatedAt") VALUES
('f6000000-0000-0000-0000-000000000001','f2000000-0000-0000-0000-000000000001','f3000000-0000-0000-0000-000000000001','Rà soát cao độ sàn tầng 1',0,NULL,NULL,'a0000000-0000-0000-0000-000000000006','2026-02-10 09:00:00+07',NULL),
('f6000000-0000-0000-0000-000000000002','f2000000-0000-0000-0000-000000000004','f3000000-0000-0000-0000-000000000005','Đánh dấu vị trí va chạm MEP',1,'30000000-0000-0000-0000-000000000001',NULL,'a0000000-0000-0000-0000-000000000006','2026-06-10 09:30:00+07','2026-06-12 09:00:00+07');

INSERT INTO "FileNotes" ("Id","MarkupSetId","FileVersionId","PageNumber","MarkupType","CoordinateJson","StyleJson","Content","ViewpointStateJson","MarkupSvg","ThumbnailDataUrl","Status","AuthorAccountId","CreatedAt","UpdatedAt") VALUES
('f5000000-0000-0000-0000-000000000001','f6000000-0000-0000-0000-000000000001','f3000000-0000-0000-0000-000000000001',1,0,'{"x":0.15,"y":0.38,"w":0.30,"h":0.12}','{"color":"#BA1A1A","strokeWidth":2}','Cần kiểm tra cao độ sàn tầng 1 so với hồ sơ kết cấu.',NULL,NULL,NULL,0,'a0000000-0000-0000-0000-000000000006','2026-02-10 09:00:00+07',NULL),
('f5000000-0000-0000-0000-000000000002','f6000000-0000-0000-0000-000000000002','f3000000-0000-0000-0000-000000000005',1,7,'{"x":0.45,"y":0.22,"w":0.18,"h":0.10}','{"color":"#E65100","strokeWidth":2}','Vùng va chạm ống gió — xem Issue trục C-3.',NULL,NULL,NULL,1,'a0000000-0000-0000-0000-000000000006','2026-06-10 09:31:00+07','2026-06-12 09:00:00+07'),
('f5000000-0000-0000-0000-000000000003','f6000000-0000-0000-0000-000000000002','f3000000-0000-0000-0000-000000000005',NULL,8,'{"position":{"x":1.2,"y":3.4,"z":2.1}}',NULL,'Viewpoint tại vị trí va chạm.','{"camera":{"eye":[10,5,3],"target":[1.2,3.4,2.1]}}',NULL,NULL,0,'a0000000-0000-0000-0000-000000000006','2026-06-10 09:32:00+07',NULL);

-- ============================================================================
-- 27) DISCUSSIONS  ScopeType: Standalone=0,File=1,Note=2,Submittal=3,Issue=4
--                  Status   : Open=0, Resolved=1, Closed=2
-- ============================================================================
INSERT INTO "Discussions" ("Id","ProjectId","Title","ScopeType","ScopeId","Status","CreatedByAccountId","CreatedAt") VALUES
('20000000-0000-0000-0000-000000000001','d0000000-0000-0000-0000-000000000001','Phối hợp cao độ dầm tầng 3',0,NULL,0,'a0000000-0000-0000-0000-000000000003','2026-03-10 09:00:00+07'),
('20000000-0000-0000-0000-000000000002','d0000000-0000-0000-0000-000000000001','Thảo luận về mô hình RIV-BIM-TA-ZZ-M3-ARC-001.ifc',1,'f2000000-0000-0000-0000-000000000002',1,'a0000000-0000-0000-0000-000000000004','2026-03-11 09:00:00+07'),
('20000000-0000-0000-0000-000000000003','d0000000-0000-0000-0000-000000000002','Phương án móng cầu',0,NULL,0,'a0000000-0000-0000-0000-000000000003','2026-03-12 09:00:00+07');

-- ============================================================================
-- 28) DISCUSSION MESSAGES  (ReplyToMessageId tự tham chiếu — chèn tin gốc trước)
-- ============================================================================
INSERT INTO "DiscussionMessages" ("Id","DiscussionId","AuthorAccountId","Content","IsSolution","ReplyToMessageId","RecalledAt","CreatedAt") VALUES
('21000000-0000-0000-0000-000000000001','20000000-0000-0000-0000-000000000001','a0000000-0000-0000-0000-000000000003','Cao độ dầm tầng 3 đang lệch 50mm giữa mô hình KT và KC, cần thống nhất.',false,NULL,NULL,'2026-03-10 09:05:00+07'),
('21000000-0000-0000-0000-000000000002','20000000-0000-0000-0000-000000000001','a0000000-0000-0000-0000-000000000004','Đề xuất lấy theo bản vẽ kết cấu và cập nhật lại mô hình kiến trúc.',false,'21000000-0000-0000-0000-000000000001',NULL,'2026-03-10 09:20:00+07'),
('21000000-0000-0000-0000-000000000003','20000000-0000-0000-0000-000000000001','a0000000-0000-0000-0000-000000000002','Thống nhất theo kết cấu. Chốt phương án này, nhóm KT cập nhật model.',true,'21000000-0000-0000-0000-000000000002',NULL,'2026-03-10 10:00:00+07'),
('21000000-0000-0000-0000-000000000004','20000000-0000-0000-0000-000000000002','a0000000-0000-0000-0000-000000000004','Model IFC v2 đã cập nhật, xử lý va chạm với hệ MEP.',false,NULL,NULL,'2026-03-11 09:10:00+07'),
('21000000-0000-0000-0000-000000000005','20000000-0000-0000-0000-000000000002','a0000000-0000-0000-0000-000000000006','Đã kiểm tra lại, không còn va chạm. Đóng thảo luận.',true,NULL,NULL,'2026-03-11 14:00:00+07'),
('21000000-0000-0000-0000-000000000006','20000000-0000-0000-0000-000000000003','a0000000-0000-0000-0000-000000000003','Đề xuất phương án móng cọc khoan nhồi D1000.',false,NULL,NULL,'2026-03-12 09:05:00+07');

-- ============================================================================
-- 29) MESSAGE MENTIONS / ATTACHMENTS / DISCUSSION CITED FOLDERS
--     MessageAttachmentType: File=0, Image=1, Link=2, CitedFolder=3
-- ============================================================================
INSERT INTO "MessageMentions" ("Id","DiscussionMessageId","MentionedAccountId") VALUES
('22000000-0000-0000-0000-000000000001','21000000-0000-0000-0000-000000000001','a0000000-0000-0000-0000-000000000004'),
('22000000-0000-0000-0000-000000000002','21000000-0000-0000-0000-000000000003','a0000000-0000-0000-0000-000000000003'),
('22000000-0000-0000-0000-000000000003','21000000-0000-0000-0000-000000000003','a0000000-0000-0000-0000-000000000004');

INSERT INTO "MessageAttachments" ("Id","DiscussionMessageId","Type","FileVersionId","FolderId","Url") VALUES
('23000000-0000-0000-0000-000000000001','21000000-0000-0000-0000-000000000002',0,'f3000000-0000-0000-0000-000000000003',NULL,NULL),
('23000000-0000-0000-0000-000000000002','21000000-0000-0000-0000-000000000004',2,NULL,NULL,'https://bim.example.vn/model/ar-v2'),
('23000000-0000-0000-0000-000000000003','21000000-0000-0000-0000-000000000006',3,NULL,'f0000000-0000-0000-0000-000000000010',NULL);

INSERT INTO "DiscussionCitedFolders" ("Id","DiscussionId","FolderId") VALUES
('24000000-0000-0000-0000-000000000001','20000000-0000-0000-0000-000000000001','f0000000-0000-0000-0000-000000000005'),
('24000000-0000-0000-0000-000000000002','20000000-0000-0000-0000-000000000002','f0000000-0000-0000-0000-000000000005');

-- ============================================================================
-- 30) ISSUES  Type: Issue=0, Rfi=1 | Priority: Low=0,Medium=1,High=2,Critical=3
--             Status: Open=0, InProgress=1, Answered=2, Closed=3
-- ============================================================================
INSERT INTO "Issues" ("Id","ProjectId","Title","Description","Type","Priority","Status","RaisedByAccountId","AssignedToAccountId","AssignedToOrganizationId","DueDate","LinkedFolderId","LinkedFileItemId","ModelLocationJson","CreatedAt","UpdatedAt") VALUES
('30000000-0000-0000-0000-000000000001','d0000000-0000-0000-0000-000000000001','Va chạm ống gió và dầm tại trục C-3','Ống gió HVAC va chạm dầm bê tông tại trục C-3, tầng 3.',0,2,0,'a0000000-0000-0000-0000-000000000006','a0000000-0000-0000-0000-000000000003','b0000000-0000-0000-0000-000000000003','2026-07-25 17:00:00+07','f0000000-0000-0000-0000-000000000005','f2000000-0000-0000-0000-000000000002','{"dbId":12345,"position":{"x":1.2,"y":3.4,"z":2.1}}','2026-06-10 09:00:00+07',NULL),
('30000000-0000-0000-0000-000000000002','d0000000-0000-0000-0000-000000000001','RFI: Xác nhận mác bê tông cột tầng hầm','Đề nghị xác nhận mác bê tông cột tầng hầm B1-B3.',1,1,2,'a0000000-0000-0000-0000-000000000005','a0000000-0000-0000-0000-000000000003','b0000000-0000-0000-0000-000000000003',NULL,NULL,NULL,NULL,'2026-06-11 09:00:00+07','2026-06-12 10:00:00+07'),
('30000000-0000-0000-0000-000000000003','d0000000-0000-0000-0000-000000000001','Thiếu chi tiết liên kết thép tại nút khung','Bản vẽ thiếu chi tiết liên kết thép tại nút khung trục B-2.',0,3,1,'a0000000-0000-0000-0000-000000000008','a0000000-0000-0000-0000-000000000004','b0000000-0000-0000-0000-000000000003','2026-07-20 17:00:00+07','f0000000-0000-0000-0000-000000000006',NULL,NULL,'2026-06-12 09:00:00+07',NULL),
('30000000-0000-0000-0000-000000000004','d0000000-0000-0000-0000-000000000002','RFI: Cao độ thiết kế mặt cầu','Xác nhận cao độ hoàn thiện mặt cầu so với mốc chuẩn.',1,0,0,'a0000000-0000-0000-0000-000000000005','a0000000-0000-0000-0000-000000000003',NULL,NULL,NULL,NULL,NULL,'2026-06-13 09:00:00+07',NULL);

-- ============================================================================
-- 31) ISSUE COMMENTS / MENTIONS / ATTACHMENTS / CITED FOLDERS
-- ============================================================================
INSERT INTO "IssueComments" ("Id","IssueId","AuthorAccountId","Content","CreatedAt") VALUES
('31000000-0000-0000-0000-000000000001','30000000-0000-0000-0000-000000000001','a0000000-0000-0000-0000-000000000003','Đã nhận, sẽ điều chỉnh tuyến ống gió trong mô hình MEP.','2026-06-10 10:00:00+07'),
('31000000-0000-0000-0000-000000000002','30000000-0000-0000-0000-000000000002','a0000000-0000-0000-0000-000000000003','Mác bê tông cột tầng hầm là B30 (tương đương M400).','2026-06-12 09:30:00+07'),
('31000000-0000-0000-0000-000000000003','30000000-0000-0000-0000-000000000002','a0000000-0000-0000-0000-000000000005','Đã rõ, cảm ơn tư vấn thiết kế.','2026-06-12 10:00:00+07'),
('31000000-0000-0000-0000-000000000004','30000000-0000-0000-0000-000000000003','a0000000-0000-0000-0000-000000000004','Đang bổ sung chi tiết liên kết, dự kiến hoàn thành trong 2 ngày.','2026-06-13 08:00:00+07');

INSERT INTO "IssueMentions" ("Id","IssueId","MentionedAccountId") VALUES
('32000000-0000-0000-0000-000000000001','30000000-0000-0000-0000-000000000001','a0000000-0000-0000-0000-000000000003'),
('32000000-0000-0000-0000-000000000002','30000000-0000-0000-0000-000000000003','a0000000-0000-0000-0000-000000000004');

INSERT INTO "IssueAttachments" ("Id","IssueId","FileVersionId","Url") VALUES
('33000000-0000-0000-0000-000000000001','30000000-0000-0000-0000-000000000001','f3000000-0000-0000-0000-000000000003',NULL),
('33000000-0000-0000-0000-000000000002','30000000-0000-0000-0000-000000000002',NULL,'https://bim.example.vn/rfi/bt-cot.pdf');

INSERT INTO "IssueCitedFolders" ("Id","IssueId","FolderId") VALUES
('34000000-0000-0000-0000-000000000001','30000000-0000-0000-0000-000000000001','f0000000-0000-0000-0000-000000000005');

-- ============================================================================
-- 32) CONTRACTS  Status: Draft=0, Active=1, Superseded=2, Closed=3
-- ============================================================================
INSERT INTO "Contracts" ("Id","ContractPackageId","Code","Name","Status","ContractorOrganizationId","SignedDate","SourceFileVersionId","CreatedAt","UpdatedAt") VALUES
('40000000-0000-0000-0000-000000000001','e0000000-0000-0000-0000-000000000002','HD-2026-001','Hợp đồng thi công phần thân',1,'b0000000-0000-0000-0000-000000000004','2026-01-15 00:00:00+07',NULL,'2026-01-15 08:00:00+07',NULL),
('40000000-0000-0000-0000-000000000002','e0000000-0000-0000-0000-000000000003','HD-2026-002','Hợp đồng cung cấp vật liệu M&E',0,'b0000000-0000-0000-0000-000000000006',NULL,NULL,'2026-02-02 08:00:00+07',NULL);

-- ============================================================================
-- 33) CONTRACT APPENDICES
-- ============================================================================
INSERT INTO "ContractAppendices" ("Id","ContractId","AppendixNo","Note","SignedDate","SourceFileVersionId","CreatedAt") VALUES
('41000000-0000-0000-0000-000000000001','40000000-0000-0000-0000-000000000001',1,'Phụ lục điều chỉnh khối lượng đợt 1.','2026-03-01 00:00:00+07',NULL,'2026-03-01 08:00:00+07');

-- ============================================================================
-- 34) BILL ITEMS  Sheet(BillSheet): InContract=0, OutOfContract=1
--     (Level + cây cha-con: chèn dòng cha trước, dòng con sau)
-- ============================================================================
INSERT INTO "BillItems" ("Id","ContractId","ContractAppendixId","ParentBillItemId","Code","Name","Unit","Level","Sheet","ContractQuantity","ContractUnitPrice","ContractAmount","AdjustedQuantity","AdjustedUnitPrice","AdjustedAmount") VALUES
('42000000-0000-0000-0000-000000000001','40000000-0000-0000-0000-000000000001',NULL,NULL,'A','Phần thân',NULL,0,0,NULL,NULL,1275000000,NULL,NULL,NULL),
('42000000-0000-0000-0000-000000000002','40000000-0000-0000-0000-000000000001',NULL,'42000000-0000-0000-0000-000000000001','A.1','Bê tông cột','m3',1,0,250,1500000,375000000,NULL,NULL,NULL),
('42000000-0000-0000-0000-000000000003','40000000-0000-0000-0000-000000000001',NULL,'42000000-0000-0000-0000-000000000001','A.2','Cốt thép','kg',1,0,50000,18000,900000000,NULL,NULL,NULL),
('42000000-0000-0000-0000-000000000004','40000000-0000-0000-0000-000000000001','41000000-0000-0000-0000-000000000001',NULL,'X.1','Phát sinh chống thấm','m2',0,1,300,250000,75000000,320,250000,80000000);

-- ============================================================================
-- 35) NOTIFICATIONS  (LinkId là text; LinkType: Invitation/Discussion/Issue/
--                     ApprovalRequest/ZoneReturnRequest...)  IsRead bool
--     IsEmailSent NOT NULL: đã đọc/cũ = true (digest đã gửi), chưa đọc mới = false
--     (để NotificationEmailDigestBackgroundService còn dữ liệu test gom mail).
-- ============================================================================
INSERT INTO "Notifications" ("Id","AccountId","Message","SenderName","IsRead","IsEmailSent","LinkId","LinkType","SendAt") VALUES
('60000000-0000-0000-0000-000000000001','a0000000-0000-0000-0000-000000000009','Bạn được mời tham gia dự án Khu phức hợp Riverside Tower.','Trần Thị Hoa',false,false,'d4000000-0000-0000-0000-000000000001','Invitation','2026-07-01 09:00:00+07'),
('60000000-0000-0000-0000-000000000002','a0000000-0000-0000-0000-000000000002','Có yêu cầu phê duyệt file "RIV-BIM-TA-01-DR-ARC-001.pdf" đang chờ bạn xử lý.','Lê Hoàng Nam',false,false,'aa000000-0000-0000-0000-000000000001','ApprovalRequest','2026-06-15 09:00:00+07'),
('60000000-0000-0000-0000-000000000003','a0000000-0000-0000-0000-000000000003','Bạn được nhắc trong thảo luận "Phối hợp cao độ dầm tầng 3".','Trần Thị Hoa',true,true,'20000000-0000-0000-0000-000000000001','Discussion','2026-03-10 10:05:00+07'),
('60000000-0000-0000-0000-000000000004','a0000000-0000-0000-0000-000000000003','Issue mới được gán cho bạn: Va chạm ống gió và dầm tại trục C-3.','Đỗ Mạnh Cường',false,true,'30000000-0000-0000-0000-000000000001','Issue','2026-06-10 09:05:00+07'),
('60000000-0000-0000-0000-000000000005','a0000000-0000-0000-0000-000000000004','Issue ưu tiên cao cần xử lý: Thiếu chi tiết liên kết thép tại nút khung.','Bùi Văn Em',false,true,'30000000-0000-0000-0000-000000000003','Issue','2026-06-12 09:05:00+07'),
('60000000-0000-0000-0000-000000000006','a0000000-0000-0000-0000-000000000002','Yêu cầu trả file "Published-Set.pdf" về vùng Shared đang chờ duyệt.','Vũ Văn Bình',false,false,'ac000000-0000-0000-0000-000000000001','ZoneReturnRequest','2026-06-18 09:05:00+07'),
('60000000-0000-0000-0000-000000000007','a0000000-0000-0000-0000-000000000007','Hồ sơ "Published-Set.pdf" chờ bạn ký số để phát hành.','Trần Thị Hoa',true,true,'aa000000-0000-0000-0000-000000000002','ApprovalRequest','2026-02-08 09:05:00+07');

-- ============================================================================
-- 36) DOCUMENTS (RAG index)  Area(CdeArea): Published=2
--     Status(DocumentIngestStatus): Pending=0, Embedded=1, Failed=2
--     Để Pending + Embedding NULL: pipeline embed sẽ tự cập nhật khi chạy thật.
-- ============================================================================
INSERT INTO "Documents" ("Id","SourceFileVersionId","FileItemId","ProjectId","Area","Discipline","FileName","Format","Revision","UpdateAt","ContentHash","Status","IngestedAt","ChunkCount") VALUES
('d5000000-0000-0000-0000-000000000001','f3000000-0000-0000-0000-000000000006','f2000000-0000-0000-0000-000000000005','d0000000-0000-0000-0000-000000000001',2,'ARC','Published-Set.pdf','pdf','P01','2026-03-13 08:00:00+07','sha256:ee01',0,NULL,3);

-- ============================================================================
-- 37) DOCUMENT PARENT CHUNKS + DOCUMENT CHUNKS
--     DocumentChunks.ParentChunkId NOT NULL (FK Cascade → DocumentParentChunks).
--     Embedding kiểu pgvector vector(1024) — để NULL tới khi pipeline embed xong.
-- ============================================================================
INSERT INTO "DocumentParentChunks" ("Id","DocumentId","ProjectId","ChunkIndex","Content","SectionTitle","PageNumber","CreatedAt") VALUES
('71000000-0000-0000-0000-000000000001','d5000000-0000-0000-0000-000000000001','d0000000-0000-0000-0000-000000000001',0,'Bộ hồ sơ phát hành chính thức cho thi công, đã được phê duyệt và ký số. Bản vẽ trong hồ sơ đã đóng dấu chữ ký số (CA).','Phần 1 — Quy định chung',1,'2026-03-13 08:00:00+07'),
('71000000-0000-0000-0000-000000000002','d5000000-0000-0000-0000-000000000001','d0000000-0000-0000-0000-000000000001',1,'Mọi thay đổi sau phát hành phải tạo phiên bản mới và phê duyệt lại theo quy trình CDE.','Phần 2 — Quản lý phiên bản',3,'2026-03-13 08:00:00+07');

INSERT INTO "DocumentChunks" ("Id","DocumentId","ProjectId","ParentChunkId","ChunkIndex","Content","Embedding","CreatedAt") VALUES
('70000000-0000-0000-0000-000000000001','d5000000-0000-0000-0000-000000000001','d0000000-0000-0000-0000-000000000001','71000000-0000-0000-0000-000000000001',0,'Bộ hồ sơ phát hành chính thức cho thi công, đã được phê duyệt và ký số.',NULL,'2026-03-13 08:00:00+07'),
('70000000-0000-0000-0000-000000000002','d5000000-0000-0000-0000-000000000001','d0000000-0000-0000-0000-000000000001','71000000-0000-0000-0000-000000000001',1,'Bản vẽ trong hồ sơ đã đóng dấu chữ ký số (CA), không được chỉnh sửa sau khi ký.',NULL,'2026-03-13 08:00:00+07'),
('70000000-0000-0000-0000-000000000003','d5000000-0000-0000-0000-000000000001','d0000000-0000-0000-0000-000000000001','71000000-0000-0000-0000-000000000002',2,'Mọi thay đổi sau phát hành phải tạo phiên bản mới và phê duyệt lại.',NULL,'2026-03-13 08:00:00+07');

-- ============================================================================
-- 38) REFRESH TOKENS
-- ============================================================================
INSERT INTO "RefreshTokens" ("Id","AccountId","Token","CreatedAt","ExpiresAt","RevokedAt","ReplacedByToken") VALUES
('80000000-0000-0000-0000-000000000001','a0000000-0000-0000-0000-000000000001','refresh-admin-active-0001','2026-07-01 08:00:00+07','2026-08-01 08:00:00+07',NULL,NULL),
('80000000-0000-0000-0000-000000000002','a0000000-0000-0000-0000-000000000002','refresh-hoa-active-0002','2026-07-02 08:00:00+07','2026-08-02 08:00:00+07',NULL,NULL),
('80000000-0000-0000-0000-000000000003','a0000000-0000-0000-0000-000000000002','refresh-hoa-old-0003','2026-06-02 08:00:00+07','2026-07-02 08:00:00+07','2026-07-02 08:00:00+07','refresh-hoa-active-0002');

-- ============================================================================
-- 39) AUDIT LOGS  Action(AuditAction): Create=0,Update=1,Delete=2,Move=3,Submit=4,
--                 Verify=5,Approve=6,Reject=7,Download=8,PermissionChange=9
-- ============================================================================
INSERT INTO "AuditLogs" ("Id","Action","ActorAccountId","EntityType","EntityId","ProjectId","DetailJson","CreatedAt") VALUES
('90000000-0000-0000-0000-000000000001',0,'a0000000-0000-0000-0000-000000000002','Project','d0000000-0000-0000-0000-000000000001','d0000000-0000-0000-0000-000000000001','{"projectName":"Khu phức hợp căn hộ Riverside Tower"}','2026-01-15 08:00:00+07'),
('90000000-0000-0000-0000-000000000002',0,'a0000000-0000-0000-0000-000000000003','NamingConvention','fa000000-0000-0000-0000-000000000001','d0000000-0000-0000-0000-000000000001','{"name":"Quy ước ISO 19650 — Riverside Tower","fields":7}','2026-02-01 09:00:00+07'),
('90000000-0000-0000-0000-000000000003',0,'a0000000-0000-0000-0000-000000000003','FileItem','f2000000-0000-0000-0000-000000000001','d0000000-0000-0000-0000-000000000001','{"name":"RIV-BIM-TA-01-DR-ARC-001.pdf","folder":"Kiến trúc","namingValid":true}','2026-02-05 08:00:00+07'),
('90000000-0000-0000-0000-000000000004',9,'a0000000-0000-0000-0000-000000000002','Folder','f0000000-0000-0000-0000-000000000005','d0000000-0000-0000-0000-000000000001','{"group":"Tư vấn thiết kế / BIM","granted":["View","Edit","Update","Download"]}','2026-02-10 09:00:00+07'),
('90000000-0000-0000-0000-000000000005',9,'a0000000-0000-0000-0000-000000000002','Folder','f0000000-0000-0000-0000-000000000005','d0000000-0000-0000-0000-000000000001','{"group":"Nhà thầu thi công","revoked":["View","Download"],"reason":"Chưa cần truy cập WIP thiết kế"}','2026-03-05 09:00:00+07'),
('90000000-0000-0000-0000-000000000006',9,'a0000000-0000-0000-0000-000000000002','FileItem','f2000000-0000-0000-0000-000000000005','d0000000-0000-0000-0000-000000000001','{"group":"Chủ đầu tư","granted":["View","Download","Approve"]}','2026-02-08 08:30:00+07'),
('90000000-0000-0000-0000-000000000007',6,'a0000000-0000-0000-0000-000000000007','ApprovalRequest','aa000000-0000-0000-0000-000000000002','d0000000-0000-0000-0000-000000000001','{"file":"Published-Set.pdf","result":"Approved","signed":true}','2026-02-09 10:00:00+07'),
('90000000-0000-0000-0000-000000000008',8,'a0000000-0000-0000-0000-000000000006','FileVersion','f3000000-0000-0000-0000-000000000006','d0000000-0000-0000-0000-000000000001',NULL,'2026-03-13 10:00:00+07');

COMMIT;

-- ============================================================================
--  KẾT THÚC. Số dòng mỗi bảng (tham khảo):
--    Accounts 9 · Organizations 6 · Groups 6 · GroupMembers 9
--    Projects 4 · ProjectLocations 4 · ProjectParticipants 8 · ProjectInvitations 5
--    ContractPackages 4 · PackageAssignments 4
--    ★ NamingConventions 3 · NamingConventionFields 13 · NamingConventionFieldValues 31
--    ★ NamingConventionLockedValues 3 · FileNamingMetadata 32
--    Folders 26 (2 template, cây sâu 4 cấp)
--    ★ FolderPermissions 26 · ★ FilePermissions 13
--    FileItems 7 · FileLinks 1 · FileVersions 8 · FileSignaturePositions 2
--    ApprovalRequests 4 · ApprovalRequestSigners 3 · ApprovalSignatureTransactions 2
--    ZoneReturnRequests 3 · MarkupSets 2 · FileNotes 3
--    Discussions 3 · DiscussionMessages 6 · MessageMentions 3 · MessageAttachments 3
--    DiscussionCitedFolders 2
--    Issues 4 · IssueComments 4 · IssueMentions 2 · IssueAttachments 2 · IssueCitedFolders 1
--    Contracts 2 · ContractAppendices 1 · BillItems 4 · Notifications 7
--    Documents 1 · DocumentParentChunks 2 · DocumentChunks 3
--    RefreshTokens 3 · AuditLogs 8
--    OrganizationTypes 8 (do MIGRATION seed sẵn — KHÔNG truncate/insert ở đây)
--  ⇒ Phủ TOÀN BỘ 47 bảng của migration 20260711144613_InitialCreate.
-- ============================================================================
